:020000040800F2
:100000000020002065AA00083DA9000847A90008B3
:1000100000000000000000000000000000000000E0
:100020000000000000000000000000004DA90008D2
:10003000000000000000000057A9000861A90008A6
:10004000B5AA000800000000B5AA0008B5AA00087B
:10005000B5AA0008B5AA0008B5AA0008B5AA000804
:1000600000000000B5AA0008B5AA000871A90008A0
:10007000B5AA0008B5AA0008B5AA0008000000004B
:10008000B5AA000895A9000800000000B5AA00085C
:10009000B5AA0008B5AA0008B5AA0008B5AA0008C4
:1000A000B5AA0008ADA90008B5AA0008B5AA0008BD
:1000B000C5A90008000000000000000000000000CA
:1000C00010B5064C2378002B07D1054B002B02D02E
:1000D000044800E000BF0123237010BDA8060020E3
:1000E000000000005CAD0008044B10B5002B03D0ED
:1000F0000349044800E000BF10BDC04600000000F6
:10010000AC0600205CAD000802780B78002A03D012
:10011000013001319A42F7D0D01A70470023C25CF7
:100120000133002AFBD1581E70470000002243080B
:100130008B4274D303098B425FD3030A8B4244D3AF
:10014000030B8B4228D3030C8B420DD3FF220902F1
:1001500012BA030C8B4202D31212090265D0030BB0
:100160008B4219D300E0090AC30B8B4201D3CB03A6
:10017000C01A5241830B8B4201D38B03C01A5241E8
:10018000430B8B4201D34B03C01A5241030B8B42EA
:1001900001D30B03C01A5241C30A8B4201D3CB02D5
:1001A000C01A5241830A8B4201D38B02C01A5241BA
:1001B000430A8B4201D34B02C01A5241030A8B42BD
:1001C00001D30B02C01A5241CDD2C3098B4201D3D5
:1001D000CB01C01A524183098B4201D38B01C01A53
:1001E000524143098B4201D34B01C01A52410309CA
:1001F0008B4201D30B01C01A5241C3088B4201D379
:10020000CB00C01A524183088B4201D38B00C01A25
:10021000524143088B4201D34B00C01A5241411A4C
:1002200000D20146524110467047FFE701B5002059
:1002300000F006F802BDC0460029F7D076E7704707
:100240007047C0461C2101231B04984201D3000CB7
:1002500010391B0A984201D3000A08391B09984239
:1002600001D30009043902A2105C40187047C0464F
:10027000040302020101010100000000000000006F
:1002800080B582B000AF78607968044B70221800A6
:1002900000F010F9C046BD4602B080BD000000204D
:1002A00080B582B000AF78607968064B7022180084
:1002B00000F04AF8044B00221A70C046BD4602B056
:1002C00080BDC04600000020C406002080B584B078
:1002D00000AF786078681B4B1B68082219000AF091
:1002E0007FFC02000F23FB181A707B686A229B5A5E
:1002F000002B0BD07B686C229B5A002B06D07B68AE
:100300006E229B5A002B01D0012200E000220E2019
:100310003B181A701A7801210A401A700F23FB1833
:100320001B78002B05D13B181B78002B01D0012333
:1003300000E000231A1C01231340DBB21800BD4665
:1003400004B080BD34060020B0B590B000AFF860B6
:10035000B960BB1D1A80FB681B68BB6280231B0150
:100360009B089BB29B00BA6AD3187B62BB6ABB63D3
:10037000BB6A3B6302E0BB6B0433BB63BA6B7B6A53
:100380009A4203D2BB6B1B68002BF4D0BB6B7B6320
:1003900002E07B6B04337B637A6B7B6A9A4203D205
:1003A0007B6B1B680133F4D172B6C04600F01AFFB4
:1003B0000023FB6110217B1800221A60BA6A7B18A7
:1003C0005A607B1801229A60BB1D1B889B089BB258
:1003D00001339B007A6BD3187A6A9A4209D21C23A4
:1003E000FA187B181100180000F0BCFFBB6A3B63D1
:1003F00011E0BB6BFB6208E0F96A002200230220D7
:1004000000F05AFEFB6A0433FB62FA6A7B6B9A4285
:10041000F2D37B6B3B633B6B1A1D3A631900244A92
:100420000023022000F048FE36E02023FB180422BF
:10043000002118000AF06DFB3E23FB1800221A80F1
:1004400014E03E203B181B88BA6811782022BA18A5
:10045000D154BB1D1A88BB1D013A1A80BB680133F9
:10046000BB603B183A18128801321A803E23FB18F1
:100470001B88032B03D8BB1D1B88002BE1D13B6BD2
:100480001A1D3A6319003B6A1C0000231D0022005C
:100490002B00022000F010FEBB1D1B88002BC4D1D6
:1004A00000F0C6FE62B6C046C046BD4610B0B0BD44
:1004B0000A02CB0780B58AB000AFF860B960BB1DF7
:1004C0001A80FB681B68BB6180231B019B089BB2E1
:1004D0009B00BA69D3187B61BB697B62BB1D1A881C
:1004E000BB68002118000AF014FB02E07B6A0433A9
:1004F0007B627A6A7B699A4203D27B6A1B68002B13
:10050000F4D07B69043B7A6A9A4202D27B6A043354
:100510007B627B6A3B6228E03B6A1B683B611F236E
:10052000FB1800221A7014E01F217B181B78102280
:10053000BA18D25CBB681A70BB680133BB60BB1DC4
:100540001A88BB1D013A1A807B187A18127801327A
:100550001A701F23FB181B78032B03D8BB1D1B88A5
:10056000002BE1D13B6A04333B62BB1D1B88002B8F
:1005700003D03A6A7B699A42CED3C046BD460AB0E0
:1005800080BDB0B58CB000AF3861796139690904BC
:10059000090CF96279690900B9600021F960B9684C
:1005A0000904090CB962F96AB961B96909BA396013
:1005B0000021796039680B0000210A00B96AF961ED
:1005C000F96909BA0C0000210D00110021433962BC
:1005D0002B437B623A6A7B6A10001900BD460CB05F
:1005E000B0BD000080B582B000AF78607B680E4A75
:1005F0001A607B680D4A5A607B680D4A9A607B6876
:100600000C4ADA607B680C4A1A617B6800225A61E6
:100610007B6818334022002118000AF07AFAC0469D
:10062000BD4602B080BDC0460123456789ABCDEF12
:10063000FEDCBA9876543210F0E1D2C380B592B0A5
:1006400000AF786000233B6310E07B6818331A002A
:100650003B6B9B00D3181B683B623B6A19BA714B1A
:100660003A6B9200D1503B6B01333B633B6B0F2BDA
:10067000EBD930E03B6BDA1E6A4B9200D2583B6BF1
:10068000083B1900674B8900CB585A403B6B0E3B27
:100690001900644B8900CB585A403B6B103B190042
:1006A000604B8900CB585340FB611F23BB61BB6982
:1006B0001F221340BB61BB69002B01D1FB6903E022
:1006C000FA69BB69DA411300564A396B89008B50CD
:1006D0003B6B01333B633B6B4F2BCBD97B681B6878
:1006E0007B647B685B683B647B689B68FB637B68BF
:1006F000DB68BB637B681B697B6300233B636CE047
:100700003B6B132B0BD83B6CFA6B1A403B6CDB43F7
:10071000B96B0B401343FB62434BBB6223E03B6B63
:10072000272B08D83A6CFB6B5340BA6B5340FB62E3
:100730003E4BBB6217E03B6B3B2B0CD8FA6BBB6BA1
:1007400013433A6C1A40FB6BB96B0B401343FB62CB
:10075000374BBB6207E03A6CFB6B5340BA6B5340BC
:10076000FB62344BBB627B6CFB601B23BB60BB68D2
:100770001F221340BB60BB68002B01D1FB6803E064
:10078000FA68BB68DA411300FA6A9A187B6BD218D0
:10079000BB6AD218234B396B8900CB58D3187B62C4
:1007A000BB6B7B63FB6BBB633B6C7B6102233B617D
:1007B0003B691F2213403B613B69002B01D17B69E0
:1007C00003E07A693B69DA411300FB637B6C3B64AD
:1007D0007B6A7B643B6B01333B633B6B4F2B8FD955
:1007E0007B681A687B6CD2187B681A607B685A68D1
:1007F0003B6CD2187B685A607B689A68FB6BD21896
:100800007B689A607B68DA68BB6BD2187B68DA60B9
:100810007B681A697B6BD2187B681A61C046BD463B
:1008200012B080BDC80600209979825AA1EBD96E1A
:10083000DCBC1B8FD6C162CA80B586B000AFF86041
:10084000B9607A60FB685B693F2213403B6100231B
:100850007B611BE0BA687B69D2183B69591C39611E
:100860001178FA68D3180A1C1A763B69402B05D117
:10087000FB681800FFF7E2FE00233B61FB685B6941
:100880005A1CFB685A617B6901337B617A697B681A
:100890009A42DFD3C046C046BD4606B080BDB0B563
:1008A0008AB000AFF860B960FB685B693F22134013
:1008B0007B62172108203B185B1880221A707B6A24
:1008C0005A1C7A62FA68D3183A18521812781A76B3
:1008D0003B185B1800221A707B6A382B11D9FB6811
:1008E00018331A007B6AD0187B6A4022D31A1A0088
:1008F00000210AF00EF9FB681800FFF79FFE0023A5
:100900007B62FB6818331A007B6AD0187B6A382236
:10091000D31A1A0000210AF0FCF8FB685B693B60FF
:1009200000237B603A687B6811004D0F1300DC00E8
:1009300020002900FFF725FE02000B003A617B61D1
:10094000FB681833383308220821791889180822DF
:1009500018000AF0D5F8FB681800FFF76FFE0023B7
:100960003B620EE0FB683A6A9200D2583B6A9B00F9
:10097000B968CB18BA61BA6912BA1A603B6A013316
:100980003B623B6A042BEDDDC046C046BD460AB063
:10099000B0BD80B584B000AFF860B9607A603B60EC
:1009A0007A68B968FB681800FFF746FF3A68FB6889
:1009B00011001800FFF773FFC046BD4604B080BDAC
:1009C00080B500AF074B1A68064B10210A431A6026
:1009D000002000F009F809F069FE00231800BD4668
:1009E00080BDC0460020024090B583B000AF786063
:1009F000144B1C68144B1B781900FA239800FFF75E
:100A000095FB030019002000FFF790FB030018007E
:100A100000F02FF9031E01D001230FE07B68032BA8
:100A20000BD8796801235B420022180000F0FCF823
:100A3000064B7A681A60002300E001231800BD46C7
:100A400003B090BDA00600200C000020080000208C
:100A500080B500AF054B1B781A00054B1B68D218F8
:100A6000034B1A60C046BD4680BDC0460C00002046
:100A7000DC13002080B500AF024B1B681800BD4698
:100A800080BDC046DC13002080B584B000AF786024
:100A9000FFF7F0FF0300BB607B68FB60FB6801337E
:100AA00005D00A4B1B781A00FB689B18FB60C046F8
:100AB000FFF7E0FF0200BB68D31AFA689A42F7D842
:100AC000C046C046BD4604B080BDC0460C000020F4
:100AD00080B582B000AF0200FB1D1A70FB1D1B78B1
:100AE0007F2B09D8FB1D1B781A001F231A40044BCB
:100AF000012191400A001A60C046BD4602B080BD87
:100B000000E100E090B583B000AF02003960FB1D4A
:100B10001A70FB1D1B787F2B28D82F4AFB1D1B78D2
:100B20005BB29B08C0339B009B58FA1D12781100E2
:100B300003220A40D200FF2191400A00D2431A400A
:100B400011003B689B01FF221A40FB1D1B78180017
:100B500003230340DB009A401F48FB1D1B785BB258
:100B60009B080A43C0339B001A5031E01B4AFB1D0F
:100B70001B7819000F230B40083B9B0806339B0092
:100B8000D31804331B68FA1D1278110003220A409F
:100B9000D200FF2191400A00D2431A4011003B6865
:100BA0009B01FF221A40FB1D1B7818000323034002
:100BB000DB009A400948FB1D1B781C000F232340D3
:100BC000083B9B080A4306339B00C31804331A6092
:100BD000C046BD4603B090BD00E100E000ED00E07E
:100BE00080B582B000AF78607B685A1E80235B04BA
:100BF0009A4201D3012310E00A4B7A68013A5A6005
:100C000001235B4203211800FFF77CFF054B002204
:100C10009A60044B07221A6000231800BD4602B0F8
:100C200080BDC04610E000E080B584B000AFB96080
:100C30007A600F217B18021C1A70BA687B181B7827
:100C40005BB211001800FFF75DFFC046BD4604B05F
:100C500080BD80B582B000AF0200FB1D1A70FB1D85
:100C60001B785BB21800FFF733FFC046BD4602B0E9
:100C700080BD80B582B000AF78607B681800FFF758
:100C8000AFFF03001800BD4602B080BD80B584B040
:100C900000AF78600023FB607B68002B01D101234B
:100CA00036E07B682122022199547B681B681B680F
:100CB000FB60FB68184A1340FB607B685A687B68DE
:100CC0009B681A437B68DB681A437B681B691A437D
:100CD0007B685B691A437B689B691A437B68DB69A5
:100CE0001343FA681343FB607B681B68FA681A6059
:100CF0007B68180000F0C4F97B6800229A637B6867
:100D00002122012199547B6820220021995400233B
:100D10001800BD4604B080BD0FC0FFFF80B586B08F
:100D200000AFF860B9607A603B601723FB180022BF
:100D30001A70FB6820229B5C012B01D102234FE03B
:100D4000FB68202201219954FB6821229B5CDBB2C5
:100D5000012B3AD1FB68212202219954FB68002221
:100D60009A63FB681B681A68FB681B6801218A4349
:100D70001A603B687A68B968F86800F054F9FB6853
:100D8000DB6A002B08D0FB681B681A68FB681B68CD
:100D90000E210A431A600FE0FB681B681A68FB68A3
:100DA0001B680A210A431A60FB681B681A68FB6803
:100DB0001B6804218A431A60FB681B681A68FB6879
:100DC0001B6801210A431A6007E0FB68202200210A
:100DD00099541723FB1802221A701723FB181B784B
:100DE0001800BD4606B080BD80B582B000AF786007
:100DF0007B6821229B5CDBB2022B08D07B6804223B
:100E00009A637B68202200219954012320E07B68AB
:100E10001B681A687B681B680E218A431A607B680E
:100E20001B681A687B681B6801218A431A607B680B
:100E30001A6C7B68DB6B012191400A005A607B6869
:100E40002122012199547B682022002199540023FA
:100E50001800BD4602B080BD80B584B000AF786098
:100E60000F217B1800221A707B6821229B5CDBB269
:100E7000022B06D07B6804229A637B1801221A7029
:100E800028E07B681B681A687B681B680E218A4310
:100E90001A607B681B681A687B681B6801218A439B
:100EA0001A607B681A6C7B68DB6B012191400A0039
:100EB0005A607B682122012199547B6820220021FD
:100EC00099547B685B6B002B04D07B685B6B7A6802
:100ED000100098470F23FB181B781800BD4604B07C
:100EE00080BD80B584B000AF78607B68DB6B1B6829
:100EF000FB607B681B681B68BB607B681B6C042203
:100F00009A401300FA68134024D0BB6804221340AF
:100F100020D07B681B681B682022134007D17B68A8
:100F20001B681A687B681B6804218A431A607B6807
:100F30001A6C7B68DB6B042191400A005A607B6865
:100F4000DB6A002B00D16AE07B68DB6A7A681000FC
:100F5000984764E07B681B6C02229A401300FA6891
:100F600013402BD0BB680222134027D07B681B683C
:100F70001B68202213400BD17B681B681A687B68B2
:100F80001B680A218A431A607B6821220121995437
:100F90007B681A6C7B68DB6B022191400A005A6007
:100FA0007B682022002199547B689B6A002B36D0F5
:100FB0007B689B6A7A681000984730E07B681B6CFE
:100FC00008229A401300FA68134028D0BB68082210
:100FD000134024D07B681B681A687B681B680E214D
:100FE0008A431A607B681A6C7B68DB6B0121914035
:100FF0000A005A607B6801229A637B6821220121E2
:1010000099547B682022002199547B681B6B002B2C
:1010100005D07B681B6B7A6810009847FFE7C046D5
:10102000BD4604B080BD80B584B000AFF860B96043
:101030007A603B60FB681A6CFB68DB6B01219140B6
:101040000A005A60FB681B683A685A60FB685B6874
:10105000102B08D1FB681B687A689A60FB681B68D4
:10106000BA68DA6007E0FB681B68BA689A60FB68D8
:101070001B687A68DA60C046BD4604B080BD0000D7
:1010800080B582B000AF78607B681B68084A9446E0
:10109000634414211800FFF749F803009A007B68A5
:1010A0001A647B68034ADA63C046BD4602B080BD5D
:1010B000F8FFFDBF00000240F0B587B000AFF86058
:1010C000B9603A607B601723FB1801221A7016235F
:1010D000FB1800221A701523FB1800221A703E4BD1
:1010E0001B7E012B01D1022372E03B4B01221A76B9
:1010F0001723FE18394B180000F0C4F803003370B2
:101100001723FB181B78002B5CD1FB68012B04D143
:101110001523FB1801221A700BE0FB68022B04D187
:101120001523FB1802221A7003E01523FB18042272
:101130001A701623FB1800221A7039E016217B184A
:101140001B785A00BB68D0187B181B781B011A004B
:10115000203A002A03DB7968D1400C0008E0202205
:10116000D21A796891400A003968D9400C001443BA
:101170007A68DA401500A3B2190000F067F8172367
:10118000FE18164B180000F07DF803003370144B66
:101190001A69134B01218A431A611723FB181B7824
:1011A000002B0ED116217B181A787B1801321A7089
:1011B0001623FA181523FB1812781B789A42BDD310
:1011C00000E0C046044B00221A761723FB181B7858
:1011D0001800BD4607B0F0BDE013002050C300006A
:1011E0000020024080B582B000AFFB1D00221A70C3
:1011F0000C4B1B69802213400DD00A4B0A4A5A60DF
:10120000084B0A4A5A60074B1B698022134002D0E0
:10121000FB1D01221A70FB1D1B781800BD4602B091
:1012200080BDC0460020024023016745AB89EFCD59
:1012300080B500AF044B1A69034B80210A431A6141
:1012400000231800BD4680BD0020024080B582B05A
:1012500000AF78600A00BB1C1A80084B0022DA61DC
:10126000074B1A69064B01210A431A617B68BA1CB5
:1012700012881A80C046BD4602B080BDE01300202F
:101280000020024080B584B000AF7860FFF7F2FB29
:101290000300FB600FE07B6801330CD07B68002B00
:1012A00007D0FFF7E7FB0200FB68D31A7A689A427F
:1012B00001D203231FE0124BDB6801221340012BF4
:1012C000E9D00F4BDB6820221340202B02D10C4BBE
:1012D0002022DA600A4BDB6810221340102B05D065
:1012E000074BDB6804221340042B03D100F00AF8FB
:1012F000012300E000231800BD4604B080BDC046B5
:101300000020024080B582B000AF00237B60134B09
:10131000DB6810221340102B09D1114BDB6902222C
:101320001A430F4BDA617B68102213437B600B4B2F
:10133000DB6804221340042B09D1094BDB6901222D
:101340001A43074BDA617B68042213437B60034B2B
:101350007A68DA60C046BD4602B080BD0020024017
:10136000E0130020B0B584B000AF786039600F237F
:10137000FB1801221A700023BB60324B1B7E012B2D
:1013800001D102235AE02F4B01221A767B681B6899
:10139000012B16D12C4B1800FFF774FF031E47D109
:1013A00000F056F80F23FC18274B1800FFF76AFFD0
:1013B00003002370254B1A69244B04218A431A61C8
:1013C00036E0214B1800FFF75DFF031E30D13B686C
:1013D000012252421A607B685B68BB601FE0BB68F9
:1013E000180000F04DF80F257C19174B1800FFF777
:1013F00049FF03002370154B1A69144B02218A43DD
:101400001A617B191B78002B03D03B68BA681A60FD
:101410000EE0BB688022D20094466344BB607B68C8
:101420009B689A027B685B68D318BA689A42D6D3E5
:10143000044B00221A760F23FB181B781800BD46B8
:1014400004B0B0BDE013002050C3000000200240F3
:1014500080B500AF084B0022DA61084B1A69074BD0
:1014600004210A431A61054B1A69044B40210A43BF
:101470001A61C046BD4680BDE01300200020024036
:1014800080B582B000AF78600A4B0022DA610A4B67
:101490001A69094B02210A431A61074B7A685A619B
:1014A000054B1A69044B40210A431A61C046BD46E8
:1014B00002B080BDE01300200020024080B586B05D
:1014C00000AF7860396000237B614FE13B681B68A7
:1014D00001217A6991400A001340FB60FB68002BF0
:1014E00000D140E13B685B6803221340012B05D02B
:1014F0003B685B6803221340022B30D17B689B68FA
:101500003B617B695B0003229A401300DA433B692D
:1015100013403B613B68DA687B695B009A401300CB
:101520003A6913433B617B683A699A607B685B6800
:101530003B6101227B699A401300DA433B69134007
:101540003B613B685B681B0901221A407B699A403A
:1015500013003A6913433B617B683A695A603B6800
:101560005B6803221340032B17D07B68DB683B6169
:101570007B695B0003229A401300DA433B69134006
:101580003B613B689A687B695B009A4013003A694B
:1015900013433B617B683A69DA603B685B6803220E
:1015A0001340022B23D17B69DA087B680832920052
:1015B000D3583B617B69072213409B000F229A405E
:1015C0001300DA433B6913403B613B681A697B694E
:1015D00007210B409B009A4013003A6913433B617B
:1015E0007B69DA087B68083292003969D1507B68E0
:1015F0001B683B617B695B0003229A401300DA435E
:101600003B6913403B613B685B6803221A407B697E
:101610005B009A4013003A6913433B617B683A6967
:101620001A603B685A68C0239B02134000D19AE0BD
:10163000544B9A69534B01210A439A61514B9B6960
:1016400001221340BB60BB684F4A7B699B08023391
:101650009B009B583B617B69032213409B000F2238
:101660009A401300DA433B6913403B617A68902348
:10167000DB059A4213D07B68444A93420DD07B68C5
:10168000434A934207D07B68424A934201D10323E5
:1016900006E0052304E0022302E0012300E000232A
:1016A0007A6903210A40920093403A6913433B61EF
:1016B00035497B699B0802339B003A695A50364B87
:1016C0009B683B61FB68DA433B6913403B613B68C5
:1016D0005A6880235B03134003D03A69FB681343C5
:1016E0003B612D4B3A699A602B4BDB683B61FB6891
:1016F000DA433B6913403B613B685A6880239B0394
:10170000134003D03A69FB6813433B61224B3A69AB
:10171000DA60214B5B683B61FB68DA433B6913404D
:101720003B613B685A6880239B02134003D03A69AF
:10173000FB6813433B61184B3A695A60164B1B68B0
:101740003B61FB68DA433B6913403B613B685A6885
:1017500080235B02134003D03A69FB6813433B616B
:101760000D4B3A691A607B6901337B613B681A68EB
:101770007B69DA40131E00D0A8E6C046C046BD46CD
:1017800006B080BD00100240000001400004004887
:1017900000080048000C00480004014080B584B0F7
:1017A00000AF78600A00BB1C1A807B681B69BA1CFA
:1017B0001288134004D00F23FB1801221A7003E093
:1017C0000F23FB1800221A700F23FB181B78180038
:1017D000BD4604B080BD80B582B000AF786008001F
:1017E0001100BB1C021C1A807B1C0A1C1A707B1C7B
:1017F0001B78002B04D0BB1C1A887B689A6103E01D
:10180000BB1C1A887B689A62C046BD4602B080BD88
:1018100080B588B000AF78607B68002B01D10123D0
:1018200001E37B681B680122134000D18DE0C34BAC
:101830005B680C221340042B0ED0C04B5B680C225B
:101840001340082B16D1BD4B5A6880235B021A4007
:1018500080235B029A420DD1B84B1A6880239B0209
:10186000134000D170E07B685B68002B00D06BE018
:101870000123D8E27B685B68012B07D1AF4B1A6864
:10188000AE4B802149020A431A602FE07B685B68F7
:10189000002B0CD1A94B1A68A84BA9490A401A6021
:1018A000A64B1A68A54BA7490A401A601EE07B6840
:1018B0005B68052B0ED1A14B1A68A04B8021C90291
:1018C0000A431A609D4B1A689C4B802149020A43C7
:1018D0001A600BE0994B1A68984B99490A401A60B4
:1018E000964B1A68954B97490A401A607B685B686B
:1018F000002B14D0FFF7BEF80300BB6108E0FFF730
:10190000B9F80200BB69D31A642B01D903238AE218
:101910008A4B1A6880239B021340F0D015E0FFF732
:10192000A9F80300BB6108E0FFF7A4F80200BB6957
:10193000D31A642B01D9032375E2804B1A688023E4
:101940009B021340F0D100E0C0467B681B68022276
:10195000134000D169E0794B5B680C2213400BD037
:10196000764B5B680C221340082B1CD1734B5A68D2
:1019700080235B02134016D1704B1B680222134078
:1019800005D07B68DB68012B01D001234BE26B4B58
:101990001B68F822934319007B681B69DA00674BC8
:1019A0000A431A6041E07B68DB68002B24D0634B5C
:1019B0001A68624B01210A431A60FFF75BF80300C3
:1019C000BB6108E0FFF756F80200BB69D31A022B8F
:1019D00001D9032327E2594B1B6802221340F1D09F
:1019E000564B1B68F822934319007B681B69DA0089
:1019F000524B0A431A6018E0504B1A684F4B0121B2
:101A00008A431A60FFF736F80300BB6108E0FFF76E
:101A100031F80200BB69D31A022B01D9032302E279
:101A2000464B1B6802221340F1D17B681B680822D9
:101A3000134036D07B68DB69002B19D03F4B5A6AC4
:101A40003E4B01210A435A62FFF714F80300BB61C1
:101A500008E0FFF70FF80200BB69D31A022B01D987
:101A60000323E0E1354B5B6A02221340F1D018E01A
:101A7000324B5A6A314B01218A435A62FEF7FAFF10
:101A80000300BB6108E0FEF7F5FF0200BB69D31A53
:101A9000022B01D90323C6E1284B5B6A02221340C3
:101AA000F1D17B681B680422134000D1B4E01F20F1
:101AB0003B1800221A70214BDA6980235B05134022
:101AC00010D11E4BDA691D4B802149050A43DA61AA
:101AD0001A4BDA6980235B051340FB60FB683B18F7
:101AE00001221A70184B1A6880235B0013401AD128
:101AF000154B1A68144B802149000A431A60FEF7FF
:101B0000B9FF0300BB6108E0FEF7B4FF0200BB6948
:101B1000D31A642B01D9032385E10B4B1A68802368
:101B20005B001340F0D07B689B68012B0ED1034B08
:101B30001A6A024B01210A431A6235E00010024082
:101B4000FFFFFEFFFFFFFBFF007000407B689B680C
:101B5000002B0CD1B64B1A6AB54B01218A431A628D
:101B6000B34B1A6AB24B04218A431A621CE07B68A9
:101B70009B68052B0CD1AE4B1A6AAD4B04210A436E
:101B80001A62AB4B1A6AAA4B01210A431A620BE094
:101B9000A74B1A6AA64B01218A431A62A44B1A6A00
:101BA000A34B04218A431A627B689B68002B14D0E4
:101BB000FEF760FF0300BB6109E0FEF75BFF020078
:101BC000BB69D31A9B4A934201D903232BE1984B5B
:101BD0001B6A02221340F0D013E0FEF74BFF030014
:101BE000BB6109E0FEF746FF0200BB69D31A914AC8
:101BF000934201D9032316E18D4B1B6A0222134045
:101C0000F0D11F23FB181B78012B05D1884BDA6913
:101C1000874B89490A40DA617B681B6810221340B0
:101C200063D07B685B69012B2AD1814B5A6B804B57
:101C300004210A435A637E4B5A6B7D4B01210A43B0
:101C40005A63FEF717FF0300BB6108E0FEF712FFBF
:101C50000200BB69D31A022B01D90323E3E0744BC2
:101C60005B6B02221340F1D0714B5B6BF822934304
:101C700019007B689B69DA006D4B0A435A6334E0B4
:101C80007B685B69053311D1694B5A6B684B042142
:101C90008A435A63664B5B6BF822934319007B6857
:101CA0009B69DA00624B0A435A631EE0604B5A6B31
:101CB0005F4B04210A435A635D4B5A6B5C4B012115
:101CC0008A435A63FEF7D6FE0300BB6108E0FEF7C5
:101CD000D1FE0200BB69D31A022B01D90323A2E073
:101CE000534B5B6B02221340F1D17B681B6A002BC4
:101CF00000D197E04E4B5B680C221340082B00D1BB
:101D00006BE07B681B6A022B4CD1494B1A68484B2D
:101D10004A490A401A60FEF7ADFE0300BB6108E0C5
:101D2000FEF7A8FE0200BB69D31A022B01D90323D8
:101D300079E03F4B1A6880239B041340F0D13C4B61
:101D4000DB6A0F22934319007B68DA6A384B0A4337
:101D5000DA62374B5B683A4A134019007B689A6A2B
:101D60007B685B6A1A43324B0A435A60304B1A68ED
:101D70002F4B802149040A431A60FEF77BFE0300C3
:101D8000BB6108E0FEF776FE0200BB69D31A022BA6
:101D900001D9032347E0264B1A6880239B04134094
:101DA000F0D03FE0224B1A68214B24490A401A60C8
:101DB000FEF760FE0300BB6108E0FEF75BFE020079
:101DC000BB69D31A022B01D903232CE0184B1A68E4
:101DD00080239B041340F0D124E07B681B6A012B15
:101DE00001D101231FE0124B5B687B61104BDB6A62
:101DF0003B617A6980235B021A407B685B6A9A4286
:101E00000ED13B690F221A407B68DB6A9A4207D1E8
:101E10007A69F0239B031A407B689B6A9A4201D03F
:101E2000012300E000231800BD4608B080BDC04675
:101E30000010024088130000FFFFFFEFFFFFFFFECE
:101E4000FFFFC2FF80B584B000AF786039607B6867
:101E5000002B01D10123B3E05B4B1B68012213402F
:101E60003A689A4211D9584B1B68012293431900D2
:101E7000554B3A680A431A60534B1B6801221340C2
:101E80003A689A4201D001239AE07B681B680222DB
:101E9000134015D07B681B680422134006D04B4BBF
:101EA0005A684A4BE021C9000A435A60474B5B68B5
:101EB000F022934319007B689A68444B0A435A60A6
:101EC0007B681B680122134040D07B685B68012B54
:101ED00007D13E4B1A6880239B02134014D1012383
:101EE0006EE07B685B68022B07D1384B1A68802351
:101EF0009B04134008D1012362E0344B1B6802228B
:101F0000134001D101235BE0304B5B680322934314
:101F100019007B685A682D4B0A435A60FEF7AAFDE8
:101F20000300FB6009E0FEF7A5FD0200FB68D31A81
:101F3000274A934201D9032342E0244B5B680C22D9
:101F40001A407B685B689B009A42ECD11E4B1B6871
:101F5000012213403A689A4211D21B4B1B6801229E
:101F600093431900184B3A680A431A60164B1B68D2
:101F7000012213403A689A4201D0012320E07B6895
:101F80001B680422134009D0104B5B68114A1340B0
:101F900019007B68DA680D4B0A435A6000F020F89C
:101FA00001000A4B5B681B090F2213400A4AD35CED
:101FB0000A00DA40094B1A600020FEF715FD0023E5
:101FC0001800BD4604B080BD002002400010024051
:101FD00088130000FFF8FFFFB4B20008A00600203D
:101FE00080B586B000AF0023FB600023BB600023F8
:101FF0007B6100237B6000233B61204B5B68FB60BF
:10200000FB680C221340042B02D0082B03D02CE0D9
:102010001B4B3B612CE0FB689B0C0F221340194AC1
:10202000D35C7B60154BDB6A0F221340164AD35CEE
:10203000BB60FA6880235B02134009D0B96810487E
:10204000FEF774F803001A007B6853437B6109E0D4
:1020500079680A005201521A93019B1ADB005B183F
:102060001B027B617B693B6102E0054B3B61C04623
:102070003B691800BD4606B080BDC0460010024056
:1020800000127A0048B1000858B1000880B500AFCE
:10209000024B1B681800BD4680BDC046A00600204C
:1020A00080B500AFFFF7F2FF0100064B5B681B0A2B
:1020B00007221340044AD35CD9400B001800BD46E8
:1020C00080BDC04600100240C4B2000880B584B094
:1020D00000AF78607B68002B01D10123A8E07B680A
:1020E0005B6A002B09D17B685A6882235B009A42A5
:1020F00009D07B680022DA6105E07B6800221A6162
:102100007B6800225A617B6800229A627B685D22AC
:102110009B5CDBB2002B07D17B685C2200219954C9
:102120007B68180008F0E6FA7B685D22022199546A
:102130007B681B681A687B681B6840218A431A60A9
:102140007B68DA68E023DB009A4202D90023FB6057
:1021500002E080235B01FB607B68DA68F0231B01EF
:102160009A4208D07B68DA68E023DB009A4202D00A
:102170007B6800229A627B685A6882235B001A405F
:102180007B68996884231B020B401A437B681B6998
:1021900002210B401A437B685B6901210B401A4303
:1021A0007B68996980239B000B401A437B68DB693D
:1021B00038210B401A437B681B6A80210B401A436D
:1021C00011007B689A6A80239B011A407B681B6818
:1021D0000A431A607B689B691B0C04221A407B68C7
:1021E0005B6A10210B401A437B685B6B08210B4034
:1021F0001A437B68D968F0231B010B401A43110076
:10220000FA6880235B011A407B681B680A435A60A6
:102210007B681B68DA697B681B6807490A40DA61DA
:102220007B6800221A667B685D2201219954002395
:102230001800BD4604B080BDFFF7FFFF80B588B031
:1022400000AFF860B9603B60BB1D1A801F23FB180C
:1022500000221A70FB685C229B5C012B01D10223D7
:1022600047E1FB685C2201219954FEF703FC03005F
:10227000BB611623FB18BA1D12881A80FB685D2209
:102280009B5CDBB2012B04D01F23FB1802221A70C7
:1022900028E1BB68002B03D0BB1D1B88002B04D199
:1022A0001F23FB1801221A701CE1FB685D22032129
:1022B0009954FB6800221A66FB68BA689A63FB6847
:1022C000BA1D12889A87FB68BA1D1288DA87FB68E4
:1022D00000221A64FB68442200219952FB684622BE
:1022E00000219952FB6800221A65FB680022DA641B
:1022F000FB689A6880231B029A4210D1FB681B6816
:102300001A68FB681B6840218A431A60FB681B68D7
:102310001A68FB681B688021C9010A431A60FB68C0
:102320001B681B6840221340402B07D0FB681B68CA
:102330001A68FB681B6840210A431A60FB68DA6868
:10234000E023DB009A4252D9FB685B68002B04D083
:102350001623FB181B88012B43D1FB689B6B1A8843
:10236000FB681B68DA60FB689B6B9A1CFB689A63CE
:10237000FB68DB8F9BB2013B9AB2FB68DA8730E0E7
:10238000FB681B689B6802221340022B12D1FB687A
:102390009B6B1A88FB681B68DA60FB689B6B9A1C56
:1023A000FB689A63FB68DB8F9BB2013B9AB2FB68C8
:1023B000DA8716E0FEF75EFB0200BB69D31A3A68C3
:1023C0009A4202D83B68013302D13B68002B08D106
:1023D0001F23FB1803221A70FB685D220121995408
:1023E00080E0FB68DB8F9BB2002BC9D153E0FB6818
:1023F0005B68002B04D01623FB181B88012B45D1EA
:10240000FB689A6BFB681B680C3312781A70FB68C8
:102410009B6B5A1CFB689A63FB68DB8F9BB2013B8A
:102420009AB2FB68DA8731E0FB681B689B6802227E
:102430001340022B13D1FB689A6BFB681B680C33AB
:1024400012781A70FB689B6B5A1CFB689A63FB68D6
:10245000DB8F9BB2013B9AB2FB68DA8716E0FEF78E
:1024600009FB0200BB69D31A3A689A4202D83B685A
:10247000013302D13B68002B08D11F23FB18032234
:102480001A70FB685D22012199542BE0FB68DB8FF9
:102490009BB2002BC8D1BA693968FB68180000F0FC
:1024A0000BFE031E02D0FB6820221A66FB689B68A5
:1024B000002B0AD100233B61FB681B68DB683B6192
:1024C000FB681B689B683B613B69FB681B6E002BCC
:1024D00004D01F23FB1801221A7003E0FB685D2261
:1024E00001219954FB685C22002199541F23FB1899
:1024F0001B781800BD4608B080BD000090B589B0BB
:1025000002AFF860B9603B60BB1D1A8017217B18D1
:1025100000221A70FB685D229B5CDBB2012B03D0AA
:102520007B1802221A702BE1FB685A6882235B0039
:102530009A4213D1FB689B68002B0FD1FB685D2288
:1025400004219954BB1D1C88BA68B968F8683B68B7
:102550000093230000F024F9030018E1FB685C22DB
:102560009B5C012B01D1022311E1FB685C2201215C
:102570009954FEF77FFA03003B61BB68002B03D040
:10258000BB1D1B88002B04D11723FB1801221A70D6
:10259000F6E0FB685D2204219954FB6800221A666C
:1025A000FB68BA681A64FB68BA1D442112885A5243
:1025B000FB68BA1D462112885A52FB6800229A63B2
:1025C000FB6800229A87FB680022DA87FB680022FA
:1025D000DA64FB6800221A65FB68DA68E023DB0036
:1025E0009A4208D9FB681B685A68FB681B686A49ED
:1025F0000A405A6008E0FB681B685A68FB681B6861
:10260000802149010A435A60FB689A6880231B02B3
:102610009A420FD1FB681B681A68FB681B6840214F
:102620008A431A60FB681B681A68FB681B685B4971
:102630000A401A60FB681B681B6840221340402B4D
:1026400007D0FB681B681A68FB681B6840210A43B7
:102650001A60FB68DA68E023DB009A4200D971E077
:1026600035E0FB681B689B6801221340012B17D1E2
:10267000FB681B680C331A00FB681B6C1278D2B223
:102680001A70FB681B6C5A1CFB681A64FB684622B4
:102690009B5A9BB2013B99B2FB684622995216E0C5
:1026A000FEF7E8F902003B69D31A3A689A4202D869
:1026B0003B68013302D13B68002B08D11723FB187C
:1026C00003221A70FB685D220121995458E0FB68CF
:1026D00046229B5A9BB2002BC3D139E0FB681B6892
:1026E0009B6801221340012B15D1FB681B68DA6837
:1026F000FB681B6C92B21A80FB681B6C9A1CFB680F
:102700001A64FB6846229B5A9BB2013B99B2FB6854
:102710004622995216E0FEF7ADF902003B69D31A42
:102720003A689A4202D83B68013302D13B68002BD9
:1027300008D11723FB1803221A70FB685D220121C0
:1027400099541DE0FB6846229B5A9BB2002BC5D1D1
:102750003A693968FB68180000F050FC031E02D08B
:10276000FB6820221A66FB681B6E002B04D017231F
:10277000FB1801221A7003E0FB685D2201219954C5
:10278000FB685C22002199541723FB181B78180062
:10279000BD4607B090BDC046FFEFFFFFFFBFFFFF84
:1027A00080B58AB000AFF860B9607A601A00BB1CCF
:1027B0001A8001237B622323FB1800221A70FB6816
:1027C0005C229B5C012B01D10223C4E1FB685C22EB
:1027D00001219954FEF74EF90300FB611B203B18C1
:1027E000FA685D21525C1A70FB685B687B6112239A
:1027F000FB18BA1C12881A803B181B78012B11D0C9
:102800007A6982235B009A4207D1FB689B68002BA0
:1028100003D13B181B78042B04D02323FB1802227E
:102820001A7091E1BB68002B06D07B68002B03D0A7
:10283000BB1C1B88002B04D12323FB1801221A7018
:1028400082E1FB685D229B5CDBB2042B03D0FB685A
:102850005D2205219954FB6800221A66FB687A689C
:102860001A64FB68BA1C462112885A52FB68BA1CCB
:10287000442112885A52FB68BA689A63FB68BA1CF2
:102880001288DA87FB68BA1C12889A87FB680022D4
:10289000DA64FB6800221A65FB68DA68E023DB0073
:1028A0009A4208D9FB681B685A68FB681B68AC49E8
:1028B0000A405A6008E0FB681B685A68FB681B689E
:1028C000802149010A435A60FB681B681B6840224B
:1028D0001340402B07D0FB681B681A68FB681B6815
:1028E00040210A431A60FB68DA68E023DB009A4261
:1028F00000D883E0FB685B68002B05D01223FB182F
:102900001B88012B00D06DE0FB689B6B1A88FB686D
:102910001B68DA60FB689B6B9A1CFB689A63FB6818
:10292000DB8F9BB2013B9AB2FB68DA875AE0FB6807
:102930001B689B6802221340022B1BD1FB68DB8FB4
:102940009BB2002B16D07B6A012B13D1FB689B6BCB
:102950001A88FB681B68DA60FB689B6B9A1CFB6833
:102960009A63FB68DB8F9BB2013B9AB2FB68DA8704
:1029700000237B62FB681B689B6801221340012BCC
:102980001CD1FB6846229B5A9BB2002B16D0FB68D9
:102990001B68DA68FB681B6C92B21A80FB681B6CC0
:1029A0009A1CFB681A64FB6846229B5A9BB2013B47
:1029B00099B2FB684622995201237B62FEF75AF8CE
:1029C0000200FB69D31A3A6B9A420BD83B6B013376
:1029D00008D02323FB1803221A70FB685D22012113
:1029E0009954B1E0FB68DB8F9BB2002B9FD1FB6851
:1029F00046229B5A9BB2002B99D189E0FB685B6809
:102A0000002B05D01223FB181B88012B00D074E08B
:102A1000FB689A6BFB681B680C3312781A70FB68B2
:102A20009B6B5A1CFB689A63FB68DB8F9BB2013B74
:102A30009AB2FB68DA8760E0FB681B689B68022239
:102A40001340022B1CD1FB68DB8F9BB2002B17D0ED
:102A50007B6A012B14D1FB689A6BFB681B680C33F3
:102A600012781A70FB689B6B5A1CFB689A63FB68B0
:102A7000DB8F9BB2013B9AB2FB68DA8700237B6253
:102A8000FB681B689B6801221340012B1ED1FB6869
:102A900046229B5A9BB2002B18D0FB681B680C3354
:102AA0001A00FB681B6C1278D2B21A70FB681B6CA0
:102AB0005A1CFB681A64FB6846229B5A9BB2013B76
:102AC00099B2FB684622995201237B62FDF7D2FF3F
:102AD0000200FB69D31A3A6B9A4202D83B6B01336E
:102AE00002D13B6B002B08D12323FB1803221A7061
:102AF000FB685D220121995426E0FB68DB8F9BB2C5
:102B0000002B99D1FB6846229B5A9BB2002B93D194
:102B1000FA69396BFB68180000F0CEFA031E06D084
:102B20002323FB1801221A70FB6820221A66FB6817
:102B30001B6E002B04D02323FB1801221A7003E024
:102B4000FB685D2201219954FB685C2200219954A5
:102B50002323FB181B781800BD460AB080BDC04671
:102B6000FFEFFFFF80B588B000AF78607B681B681F
:102B70005B68FB617B681B689B68BB61BB699B09E9
:102B80001A00012313400FD1BB69012213400BD05F
:102B9000FB699B091A000123134005D07B68DB6C9D
:102BA0007A6810009847D5E0BB695B081A000123DA
:102BB00013400BD0FB69DB091A000123134005D039
:102BC0007B681B6D7A6810009847C3E0BB695B099E
:102BD0001A00012313400CD1BB699B091A00012381
:102BE000134006D1BB691B0A1A000123134000D110
:102BF000B0E0FB695B091A000123134000D1A9E092
:102C0000BB699B091A000123134023D07B685D2216
:102C10009B5CDBB2032B11D07B681B6E04221A4332
:102C20007B681A6600237B617B681B68DB687B61BD
:102C30007B681B689B687B617B690BE000233B61C1
:102C40007B681B68DB683B617B681B689B683B613A
:102C50003B697FE0BB695B091A000123134014D074
:102C60007B681B6E01221A437B681A660023FB6097
:102C70007B681B689B68FB607B681B681A687B68C5
:102C80001B6840218A431A60FB68BB691B0A1A0053
:102C9000012313400CD07B681B6E08221A437B680B
:102CA0001A660023BB607B681B689B68BB60BB68BF
:102CB0007B681B6E002B4CD07B681B685A687B6856
:102CC0001B68E0218A435A607B685D220121995488
:102CD000FB690222134003D1FB690122134032D069
:102CE0007B681B685A687B681B6803218A435A60AB
:102CF0007B689B6D002B10D07B689B6D174A5A63D5
:102D00007B689B6D1800FEF7A7F8031E05D07B6853
:102D10001B6E40221A437B681A667B685B6D002B32
:102D200016D07B685B6D0D4A5A637B685B6D18003B
:102D3000FEF792F8031E0BD07B681B6E40221A43ED
:102D40007B681A6604E07B68180000F009F800E070
:102D5000C046C046BD4608B080BDC046712D0008C3
:102D600080B582B000AF7860C046BD4602B080BD7D
:102D700080B584B000AF78607B685B6AFB60FB68FD
:102D8000462200219952FB680022DA87FB6818006E
:102D9000FFF7E6FFC046BD4604B080BD80B588B0F1
:102DA00000AFF860B9603B60FB1D1A70FDF762FE72
:102DB0000200BB6A9B1A3A68D318FB61FDF75AFE02
:102DC0000300BB613A4B1B685B011B0DFA6953435F
:102DD0007B6158E03B68013355D0FDF74BFE0200A4
:102DE000BB69D31AFA699A4202D9FB69002B42D116
:102DF000FB681B685A68FB681B68E0218A435A60BD
:102E0000FB685A6882235B009A4213D1FB689A6878
:102E100080231B029A4205D0FB689A688023DB005E
:102E20009A4207D1FB681B681A68FB681B6840213F
:102E30008A431A60FB689A6A80239B019A4210D1E8
:102E4000FB681B681A68FB681B681A490A401A600D
:102E5000FB681B681A68FB681B68802189010A43AC
:102E60001A60FB685D2201219954FB685C220021F5
:102E70009954032317E07B69002B01D10023FB61E8
:102E80007B69013B7B61FB681B689B68BA681340E8
:102E9000BA68D31A5A425341DBB21A00FB1D1B78A1
:102EA0009A4297D100231800BD4608B080BDC046A5
:102EB000A0060020FFDFFFFF80B58AB000AFF860FA
:102EC000B9607A603B601723FB1800221A70FDF787
:102ED000D1FD02003B6B9B1A3A68D3187B62FDF769
:102EE000C9FD03003B62FB681B680C33FB61414B6F
:102EF0001A6813009B009B18DA00D31A1B0D7A6A1C
:102F00005343BB6168E0BA68C023DB009A420AD130
:102F10007B68002B07D1FB691B78DAB217217B187D
:102F20001A707B181B783B68013355D0FDF7A2FD62
:102F300002003B6AD31A7A6A9A4202D97B6A002B52
:102F400042D1FB681B685A68FB681B68E0218A4312
:102F50005A60FB685A6882235B009A4213D1FB686F
:102F60009A6880231B029A4205D0FB689A688023E6
:102F7000DB009A4207D1FB681B681A68FB681B6874
:102F800040218A431A60FB689A6A80239B019A4217
:102F900010D1FB681B681A68FB681B6816490A4059
:102FA0001A60FB681B681A68FB681B68802189012E
:102FB0000A431A60FB685D2201219954FB685C2278
:102FC00000219954032310E0BB69002B01D1002399
:102FD0007B62BB69013BBB61FB681B689B68BA688D
:102FE00013407A689A428ED100231800BD460AB079
:102FF00080BDC046A0060020FFDFFFFF80B586B081
:1030000002AFF860B9607A60FB685A6882235B009F
:103010009A4213D1FB689A6880231B029A4205D01A
:10302000FB689A688023DB009A4207D1FB681B6823
:103030001A68FB681B6840218A431A60BA68F868FE
:103040007B680093130000228021FFF7A7FE031E78
:1030500007D0FB681B6E20221A43FB681A66032305
:1030600026E0FB685A6882235B009A421FD1FB6806
:103070009A6880231B029A4205D0FB689A688023D5
:10308000DB009A4213D1BA68C023D900F8687B6884
:10309000009313000022FFF70FFF031E07D0FB6809
:1030A0001B6E20221A43FB681A66032300E00023EC
:1030B0001800BD4604B080BD80B586B002AFF86090
:1030C000B9607A60BA68C0235901F8687B680093D8
:1030D00013000022FFF7F0FE031E07D0FB681B6EF3
:1030E00020221A43FB681A66032327E0BA68F868AF
:1030F0007B680093130000228021FFF74FFE031E20
:1031000007D0FB681B6E20221A43FB681A66032354
:1031100014E0BA68C023D900F8687B6800931300F4
:103120000022FFF7C9FE031E07D0FB681B6E20229A
:103130001A43FB681A66032300E000231800BD460B
:1031400004B080BD80B582B000AF78607B68002B92
:1031500001D1012342E07B683D229B5CDBB2002B66
:1031600007D17B683C22002199547B68180007F046
:1031700015FB7B683D22022199547B681A687B68A5
:1031800004331900100000F0B5F97B6846220121D4
:1031900099547B683E22012199547B683F2201218A
:1031A00099547B684022012199547B684122012176
:1031B00099547B684222012199547B684322012162
:1031C00099547B684422012199547B68452201214E
:1031D00099547B683D220121995400231800BD4673
:1031E00002B080BD80B584B000AF78607B683D22BE
:1031F0009B5CDBB2012B01D0012335E07B683D22D3
:10320000022199547B681B68DA687B681B6801217E
:103210000A43DA607B681B68154A934209D07B68D1
:103220001B68144A934204D07B681B68124A93427D
:1032300011D17B681B689B6807221340FB60FB6809
:10324000062B10D07B681B681A687B681B680121FD
:103250000A431A6007E07B681B681A687B681B6872
:1032600001210A431A6000231800BD4604B080BD46
:10327000002C0140000400400040014080B582B0B5
:1032800000AF78607B681B68DA687B681B68012187
:103290008A43DA607B681B681B6A0D4A13400DD1B4
:1032A0007B681B681B6A0B4A134007D17B681B684D
:1032B0001A687B681B6801218A431A607B683D227B
:1032C0000121995400231800BD4602B080BDC046BC
:1032D000111100004404000080B584B000AF786094
:1032E0007B681B68DB68FB607B681B681B69BB60D5
:1032F000BB680222134021D0FB68022213401DD07C
:103300007B681B68032252421A617B6801221A778C
:103310007B681B689B690322134004D07B681800FC
:1033200000F0D0F807E07B68180000F0C3F87B6875
:10333000180000F0CFF87B6800221A77BB680422DF
:10334000134022D0FB68042213401ED07B681B6808
:10335000052252421A617B6802221A777B681B6839
:103360009A69C0239B00134004D07B68180000F0CA
:10337000A9F807E07B68180000F09CF87B6818004B
:1033800000F0A8F87B6800221A77BB680822134077
:1033900021D0FB68082213401DD07B681B680922DE
:1033A00052421A617B6804221A777B681B68DB69CA
:1033B0000322134004D07B68180000F083F807E074
:1033C0007B68180000F076F87B68180000F082F83F
:1033D0007B6800221A77BB681022134022D0FB685A
:1033E000102213401ED07B681B68112252421A61C2
:1033F0007B6808221A777B681B68DA69C0239B0008
:10340000134004D07B68180000F05CF807E07B688C
:10341000180000F04FF87B68180000F05BF87B683C
:1034200000221A77BB68012213400CD0FB680122EE
:10343000134008D07B681B68022252421A617B68E5
:10344000180006F02DFEBB68802213400CD0FB68EC
:103450008022134008D07B681B68812252421A6187
:103460007B68180000F0D2F8BB68402213400CD0F3
:10347000FB684022134008D07B681B6841225242FF
:103480001A617B68180000F02DF8BB6820221340F9
:103490000CD0FB682022134008D07B681B682122D7
:1034A00052421A617B68180000F0A8F8C046BD4679
:1034B00004B080BD80B582B000AF7860C046BD4624
:1034C00002B080BD80B582B000AF7860C046BD4616
:1034D00002B080BD80B582B000AF7860C046BD4606
:1034E00002B080BD80B582B000AF7860C046BD46F6
:1034F00002B080BD80B584B000AF786039607B6871
:103500001B68FB607B68364A934203D07B68354A70
:10351000934208D1FB6870229343FB603B685B6871
:10352000FA681343FB607B682D4A934213D07B6893
:103530002C4A93420FD07B682B4A93420BD07B6876
:103540002A4A934207D07B68294A934203D07B687A
:10355000284A934208D1FB68274A1340FB603B6826
:10356000DB68FA681343FB60FB68802293431A0010
:103570003B685B691343FB607B68FA681A603B68D1
:103580009A687B68DA623B681A687B689A627B6833
:10359000134A93420BD07B68144A934207D07B684E
:1035A000134A934203D07B68124A934203D13B688B
:1035B0001A697B681A637B6801225A617B681B6900
:1035C00001221340012B06D17B681B690122934322
:1035D0001A007B681A61C046BD4604B080BDC04673
:1035E000002C014000040040002000400040014049
:1035F0000044014000480140FFFCFFFF80B582B05D
:1036000000AF7860C046BD4602B080BD80B582B0D4
:1036100000AF7860C046BD4602B080BD80B582B0C4
:1036200000AF78607B68002B01D1012344E07B6808
:10363000DB6F002B07D17B687822002199547B68CF
:10364000180007F0D1F87B682422DA677B681B68D2
:103650001A687B681B6801218A431A607B685B6A71
:10366000002B03D07B68180000F0DCFC7B6818009E
:1036700000F098FB0300012B01D101231CE07B68C3
:103680001B685A687B681B680D490A405A607B6852
:103690001B689A687B681B6808218A439A607B686C
:1036A0001B681A687B681B6801210A431A607B68E3
:1036B000180000F06BFD03001800BD4602B080BD8D
:1036C000FFF7FFFF80B588B000AFF860B960BB1DA1
:1036D0001A80FB68DB6F202B00D077E0BB68002BE3
:1036E00003D0BB1D1B88002B01D101236FE0FB68B9
:1036F0009A6880235B019A4209D1FB681B69002B01
:1037000005D1BB680122134001D001235FE0FB68B3
:10371000BA68DA64FB68BA1D502112885A52FB68F5
:10372000BA1D522112885A52FB68842200219950F6
:10373000FB682122DA67FB681B6F002B27D0FB6830
:103740001B6F254A9A62FB681B6F244ADA62FB688A
:103750001B6F234A1A63FB681B6F00225A63FB68C6
:10376000186FFB68DB6C1900FB681B6828331A00B4
:10377000BB1D1B88FDF7D2FA031E08D0FB6884220C
:1037800010219950FB682022DA6701231FE0FB68B3
:103790001B6840221A62EFF310833B613B69FB61B7
:1037A00001237B617B6983F31088C046FB681B683B
:1037B0009A68FB681B6880210A439A60FB69BB61B9
:1037C000BB6983F31088C046002300E00223180081
:1037D000BD4608B080BDC0460D460008A1460008A1
:1037E0002F48000890B5ABB000AF78607B681B68CD
:1037F000DB69A422B9180B607B681B681B68A020DA
:1038000039180B607B681B689B689C2179180B60DA
:103810001100BB181B68994A13409822BC182360FA
:10382000BB181B68002B14D17B181B682022134087
:103830000FD03B181B68202213400AD07B689B6E78
:10384000002B00D186E27B689B6E7A681000984757
:1038500080E29823FB181B68002B00D114E19C2305
:10386000FB181B680122134006D1A023FB181B681C
:10387000834A134000D107E1A423FB181B680122EF
:10388000134012D0A023FB181A6880235B0013405A
:103890000BD07B681B6801221A627B6884229B58CC
:1038A00001221A437B6884215A50A423FB181B6809
:1038B0000222134011D09C23FB181B6801221340E5
:1038C0000BD07B681B6802221A627B6884229B589B
:1038D00004221A437B6884215A50A423FB181B68D6
:1038E0000422134011D09C23FB181B6801221340B3
:1038F0000BD07B681B6804221A627B6884229B5869
:1039000002221A437B6884215A50A423FB181B68A7
:103910000822134017D0A023FB181B682022134055
:1039200005D19C23FB181B68012213400BD07B6838
:103930001B6808221A627B6884229B5808221A435B
:103940007B6884215A50A423FB181A6880231B012A
:10395000134013D0A023FB181A688023DB04134004
:103960000CD07B681B68802212011A627B6884225B
:103970009B5820221A437B6884215A507B688422FA
:103980009B58002B00D1E7E1A423FB181B682022E1
:1039900013400ED0A023FB181B682022134008D030
:1039A0007B689B6E002B04D07B689B6E7A6810004E
:1039B00098477B6884229B5894217A1813607B680F
:1039C0001B689B6840221340402B04D07B181B6867
:1039D0002822134047D07B68180000F0B3FD7B68B5
:1039E0001B689B6840221340402B37D1EFF31083B4
:1039F0003B663B6E90203A18136001237B667B6E1A
:103A000083F31088C0467B681B689A687B681B68D4
:103A100040218A439A603B181B68BB66BB6E83F3E8
:103A20001088C0467B685B6F002B12D07B685B6F91
:103A3000144A5A637B685B6F1800FDF70DFA031E8A
:103A40001AD07B685B6F5A6B7B685B6F180090477E
:103A500012E07B68180004F0F7FA0DE07B681800AC
:103A600004F0F2FA08E07B68180004F0EDFA7B68D5
:103A70008422002199506FE1C0466DE10F080000DB
:103A800020010004B34800087B681B6E012B00D0A6
:103A900039E1A423FB181B681022134000D132E146
:103AA000A023FB181B681022134000D12BE17B6878
:103AB0001B6810221A627B681B689B6840221340B7
:103AC000402B00D09FE07B685B6F1B685A687E21AB
:103AD0007B181A807B181B88002B00D13EE17B6885
:103AE00058229B5A7A1812889A4200D336E17B6892
:103AF0007A185A2112885A527B685B6F9B69202B77
:103B00006FD0EFF310833B633B6BBB6701237B6399
:103B10007B6B83F31088C0467B681B681A687B68E0
:103B20001B6892490A401A60BB6FBB63BB6B83F38F
:103B30001088C046EFF31083FB63FB6B7B670123A8
:103B40003B643B6C83F31088C0467B681B689A68B3
:103B50007B681B6801218A439A607B6F7B647B6C66
:103B600083F31088C046EFF31083BB64BB6C3B67E4
:103B70000123FB64FB6C83F31088C0467B681B68E1
:103B80009A687B681B6840218A439A603B6F3B655B
:103B90003B6D83F31088C0467B68802220219950BA
:103BA0007B6800221A66EFF310837B657B6DFB66F2
:103BB0000123BB65BB6D83F31088C0467B681B681F
:103BC0001A687B681B6810218A431A60FB6EFB65CC
:103BD000FB6D83F31088C0467B685B6F1800FDF7B0
:103BE00003F97B6802225A667B6858229A5A7B68DE
:103BF0005A215B5A9BB2D31A9AB27B681100180003
:103C000004F0A6F9AAE07B685822995A7B685A22E8
:103C10009B5A9AB28E203B188A1A1A807B685A22C5
:103C20009B5A9BB2002B00D19AE03B181B88002BBB
:103C300000D195E0EFF31083FB60FB6888243A190C
:103C4000136001233B613B6983F31088C0467B68A6
:103C50001B681A687B681B6845490A401A603B1953
:103C60001B687B617B6983F31088C046EFF3108388
:103C7000BB61BB6984243A1913600123FB61FB69B2
:103C800083F31088C0467B681B689A687B681B6852
:103C900001218A439A603B191B683B623B6A83F3AC
:103CA0001088C0467B688022202199507B680022C2
:103CB0001A667B6800229A66EFF310837B627B6A48
:103CC00080243A1913600123BB62BB6A83F3108816
:103CD000C0467B681B681A687B681B6810218A4392
:103CE0001A603B191B68FB62FB6A83F31088C046AD
:103CF0007B6802225A663B181A887B6811001800FC
:103D000004F026F92CE0A423FB181B688022134042
:103D10000FD0A023FB181B688022134009D07B68BA
:103D2000DB6E002B1ED07B68DB6E7A681000984734
:103D300018E0A423FB181B684022134013D0A023D3
:103D4000FB181B68402213400DD07B68180000F060
:103D5000C7FD08E0C04606E0C04604E0C04602E0F9
:103D6000C04600E0C046BD462BB090BDFFFEFFFF41
:103D7000DFFEFFFF80B582B000AF7860C046BD4671
:103D800002B080BD80B582B000AF7860C046BD464D
:103D900002B080BD80B582B000AF7860C046BD463D
:103DA00002B080BD80B588B000AF78601E23FB18DC
:103DB00000221A707B689A687B681B691A437B68CB
:103DC0005B691A437B68DB6913437B617B681B6813
:103DD0001B688D4A134019007B681B687A690A4387
:103DE0001A607B681B685B68884A134019007B680F
:103DF000DA687B681B680A435A607B689B697B6151
:103E00007B681B6A7A6913437B617B681B689B68CC
:103E10007F4A134019007B681B687A690A439A60DD
:103E20007B681B687B4A934227D17B4B1B6B032229
:103E30001340032B0DD01BD8022B14D018D8002B05
:103E400002D0012B0AD013E01F23FB1800221A70A6
:103E500021E01F23FB1802221A701CE01F23FB180D
:103E600004221A7017E01F23FB1808221A7012E0B0
:103E70001F23FB1810221A700DE07B681B68674A2D
:103E8000934204D11F23FB1800221A7003E01F2362
:103E9000FB1810221A707B68DA6980231B029A4291
:103EA0005CD11F23FB181B78082B15D018DC042BC2
:103EB0000DD015DC002B02D0022B05D010E0FEF750
:103EC000EFF80300BB6112E0554BBB610FE0FEF75A
:103ED00087F80300BB610AE080231B02BB6106E098
:103EE0000023BB611E23FB1801221A70C046BB6968
:103EF000002B00D17AE0BB695A007B685B685B08E5
:103F0000D2187B685B6819001000FCF70FF90300FA
:103F10003B613B690F2B1CD93A6980235B029A42B3
:103F200017D23B699AB20E203B180F218A431A80A0
:103F30003B695B089BB20722134099B23B183A18C1
:103F400012880A431A807B681B683A181288DA6064
:103F50004CE01E23FB1801221A7047E01F23FB18B8
:103F60001B78082B15D018DC042B0DD015DC002B8A
:103F700002D0022B05D010E0FEF792F80300BB61DF
:103F800012E0274BBB610FE0FEF72AF80300BB618C
:103F90000AE080231B02BB6106E00023BB611E23F5
:103FA000FB1801221A70C046BB69002B1ED07B682B
:103FB0005B685A08BB69D2187B685B6819001000FF
:103FC000FCF7B4F803003B613B690F2B0AD93A694F
:103FD00080235B029A4205D23B699AB27B681B68D8
:103FE000DA6003E01E23FB1801221A707B680022AE
:103FF0009A667B680022DA661E23FB181B7818007D
:10400000BD4608B080BDC046F369FFFFFFCFFFFF8C
:10401000FFF4FFFF00380140001002400044004060
:1040200000127A0080B582B000AF78607B685B6A6E
:10403000082213400BD07B681B685B684A4A134018
:1040400019007B685A6B7B681B680A435A607B685F
:104050005B6A012213400BD07B681B685B68434A94
:10406000134019007B689A6A7B681B680A435A6090
:104070007B685B6A022213400BD07B681B685B681D
:104080003B4A134019007B68DA6A7B681B680A4365
:104090005A607B685B6A042213400BD07B681B6804
:1040A0005B68344A134019007B681A6B7B681B6895
:1040B0000A435A607B685B6A102213400BD07B680E
:1040C0001B689B682C4A134019007B689A6B7B68BD
:1040D0001B680A439A607B685B6A202213400BD0FE
:1040E0007B681B689B68254A134019007B68DA6B64
:1040F0007B681B680A439A607B685B6A40221340B6
:104100001DD07B681B685B681D4A134019007B68E3
:104110001A6C7B681B680A435A607B681A6C8023A0
:104120005B039A420BD17B681B685B68154A13409E
:1041300019007B685A6C7B681B680A435A607B686D
:104140005B6A802213400BD07B681B685B680E4A59
:10415000134019007B689A6C7B681B680A435A609D
:10416000C046BD4602B080BDFF7FFFFFFFFFFDFFE1
:10417000FFFFFEFFFFFFFBFFFFEFFFFFFFDFFFFF84
:10418000FFFFEFFFFFFF9FFFFFFFF7FF80B592B03C
:1041900002AF78607B68842200219950FCF76AFCAA
:1041A0000300FB637B681B681B6808221340082B15
:1041B0002CD1FB6B802291037868464A0092002242
:1041C00000F08CF8031E21D0EFF310837B627B6A32
:1041D000BB630123BB62BB6A83F31088C0467B6864
:1041E0001B681A687B681B6880218A431A60BB6B56
:1041F000FB62FB6A83F31088C0467B682022DA6783
:104200007B6878220021995403235FE07B681B6858
:104210001B6804221340042B46D1FB6B8022D10380
:1042200078682C4A0092002200F058F8031E3BD018
:10423000EFF31083FB60FB687B6301233B613B6909
:1042400083F31088C0467B681B681A687B681B680C
:1042500021490A401A607B6B7B617B6983F310887C
:10426000C046EFF31083BB61BB693B630123FB6175
:10427000FB6983F31088C0467B681B689A687B687B
:104280001B6801218A439A603B6B3B623B6A83F364
:104290001088C0467B688022202199507B68782254
:1042A00000219954032311E07B682022DA677B68A0
:1042B0008022202199507B6800221A667B680022A8
:1042C0005A667B6878220021995400231800BD4665
:1042D00010B080BDFFFFFF01DFFEFFFF80B584B09F
:1042E00000AFF860B9603B60FB1D1A7051E0BB691C
:1042F00001334ED0FCF7BEFB02003B68D31ABA690B
:104300009A4202D3BB69002B01D1032351E0FB6821
:104310001B681B68042213403BD0BB68802B38D03D
:10432000BB68402B35D0FB681B68DB690822134053
:10433000082B11D1FB681B6808221A62FB68180061
:1043400000F000F9FB68842208219950FB6878226C
:104350000021995401232CE0FB681B68DA69802353
:104360001B011A4080231B019A4212D1FB681B6873
:10437000802212011A62FB68180000F0E3F8FB6863
:10438000842220219950FB6878220021995403232C
:104390000FE0FB681B68DB69BA681340BA68D31A80
:1043A0005A425341DBB21A00FB1D1B789A429ED041
:1043B00000231800BD4604B080BD000080B590B059
:1043C00000AFF860B960BB1D1A80FB68BA685A6517
:1043D000FB68BA1D582112885A52FB6884220021BA
:1043E0009950FB68802222219950FB685B6F002B5B
:1043F00028D0FB685B6F3E4A9A62FB685B6F3D4A60
:10440000DA62FB685B6F3C4A1A63FB685B6F0022F1
:104410005A63FB68586FFB681B6824331900FB68FC
:104420005B6D1A00BB1D1B88FCF778FC031E09D0CE
:10443000FB68842210219950FB688022202199502A
:10444000012350E0FB681B69002B19D0EFF31083A8
:10445000BB62BB6AFB630123FB62FB6A83F31088C8
:10446000C046FB681B681A68FB681B68802149000E
:104470000A431A60FB6B3B633B6B83F31088C046B7
:10448000EFF310833B613B69BB6301237B617B6975
:1044900083F31088C046FB681B689A68FB681B683A
:1044A00001210A439A60BB6BBB61BB6983F310882F
:1044B000C046EFF31083FB61FB697B6301233B6222
:1044C0003B6A83F31088C046FB681B689A68FB68E8
:1044D0001B6840210A439A607B6B7B627B6A83F393
:1044E0001088C04600231800BD4610B080BDC046ED
:1044F000C1460008ED4700082F48000880B586B087
:1045000000AF7860EFF31083BB60BB687B61012371
:10451000FB60FB6883F31088C0467B681B681A68E1
:104520007B681B68C0218A431A607B693B613B69D9
:1045300083F31088C0467B682022DA67C046BD46F8
:1045400006B080BD80B58EB000AF7860EFF3108309
:104550007B617B697B630123BB61BB6983F310884B
:10456000C0467B681B681A687B681B6826490A403E
:104570001A607B6BFB61FB6983F31088C046EFF325
:1045800010833B623B6A3B6301237B627B6A83F35C
:104590001088C0467B681B689A687B681B6801218D
:1045A0008A439A603B6BBB62BB6A83F31088C04648
:1045B0007B681B6E012B18D1EFF31083BB60BB68C7
:1045C000FB620123FB60FB6883F31088C0467B68B5
:1045D0001B681A687B681B6810218A431A60FB6A93
:1045E0003B613B6983F31088C0467B6880222021B1
:1045F00099507B6800221A667B6800229A66C04642
:10460000BD460EB080BDC046DFFEFFFF80B58CB05A
:1046100000AF78607B685B6AFB627B689B69202BDC
:1046200035D0FB6A522200219952EFF31083FB60D0
:10463000FB68BB6201233B613B6983F31088C04682
:10464000FB6A1B689A68FB6A1B6880218A439A6030
:10465000BB6A7B617B6983F31088C046EFF31083EC
:10466000BB61BB697B620123FB61FB6983F310883B
:10467000C046FB6A1B681A68FB6A1B6840210A4334
:104680001A607B6A3B623B6A83F3108804E0FB6A32
:10469000180003F0B9FCC046C046BD460CB080BD52
:1046A00080B584B000AF78607B685B6AFB60FB68B4
:1046B0001800FFF75FFBC046BD4604B080BD000098
:1046C00080B594B000AF78607B685B6AFB647B6800
:1046D0009B69202B6FD0FB6C5A2200219952EFF37B
:1046E0001083BB61BB69BB640123FB61FB6983F37E
:1046F0001088C046FB6C1B681A68FB6C1B683A4943
:104700000A401A60BB6C3B623B6A83F31088C04668
:10471000EFF310837B627B6A7B640123BB62BB6A1D
:1047200083F31088C046FB6C1B689A68FB6C1B689F
:1047300001218A439A607B6CFB62FB6A83F31088D9
:10474000C046EFF310833B633B6B3B6401237B6309
:104750007B6B83F31088C046FB6C1B689A68FB6C0C
:104760001B6840218A439A603B6CBB63BB6B83F33D
:104770001088C046FB6C802220219950FB6C1B6E78
:10478000012B18D1EFF31083FB60FB68FB6301235F
:104790003B613B6983F31088C046FB6C1B681A6859
:1047A000FB6C1B6810218A431A60FB6B7B617B6981
:1047B00083F31088C046FB6C00225A66FB6C1B6EAC
:1047C000012B08D1FB6C58229A5AFB6C110018007F
:1047D00003F0BEFB03E0FB6C1800FFF7D3FAC04602
:1047E000BD4614B080BDC046FFFEFFFF80B584B05B
:1047F00000AF78607B685B6AFB60FB6801225A66E9
:10480000FB681B6E012B0AD1FB6858229B5A5B0880
:104810009AB2FB681100180003F09AFB03E0FB68F2
:104820001800FFF7B7FAC046BD4604B080BD80B59A
:1048300086B000AF78607B685B6A7B617B69DB6F09
:104840003B617B6980229B58FB607B691B689B688E
:1048500080221340802B0AD13B69212B07D17B6931
:104860005222002199527B691800FFF747FE7B69AD
:104870001B689B6840221340402B0AD1FB68222B07
:1048800007D17B695A22002199527B691800FFF7F2
:1048900059FE7B6984229B5810221A437B6984212C
:1048A0005A507B69180003F0CFFBC046BD4606B0E6
:1048B00080BD80B584B000AF78607B685B6AFB60C8
:1048C000FB685A2200219952FB685222002199521A
:1048D000FB68180003F0B8FBC046BD4604B080BDBD
:1048E00080B586B000AF7860EFF31083BB60BB6823
:1048F0007B610123FB60FB6883F31088C0467B6803
:104900001B681A687B681B6840218A431A607B69B0
:104910003B613B6983F31088C0467B682022DA67DD
:104920007B680022DA667B68180003F06DFBC046E6
:10493000BD4606B080BDB0B58AB000AFF860B960C2
:10494000BB1D1A80FB6880229B58202B56D1BB6868
:10495000002B03D0BB1D1B88002B01D101234EE08F
:10496000FB689A6880235B019A4209D1FB681B6946
:10497000002B05D1BB680122134001D001233EE08A
:10498000FB6801221A66FB6800225A6627257C19FB
:10499000BB1D1A88B968FB681800FFF70FFD0300FC
:1049A00023707B191B78002B24D1FB681B6E012B15
:1049B0001CD1FB681B6810221A62EFF310837B6125
:1049C0007B693B620123BB61BB6983F31088C046EE
:1049D000FB681B681A68FB681B6810210A431A6091
:1049E0003B6AFB61FB6983F3108803E02723FB1814
:1049F00001221A702723FB181B7800E002231800FD
:104A0000BD460AB0B0BD80B584B000AF78603960F3
:104A10000A23FB1804221A7009217B1806221A7037
:104A20003B68FB600B203B1800221A707B181B7838
:104A3000013BDAB23B181A7011E07B681A680B2050
:104A40003B181B785BB2D218FB68591CF9601278CE
:104A50001A703B181B78013BDAB23B181A700B2115
:104A60007B181B787F2BE8D9FB685A1CFA6042221E
:104A70001A700A23FB181B78013BDAB27B181A70F4
:104A800011E07B689A680B203B181B785BB2D21848
:104A9000FB68591CF96012781A703B181B78013BAF
:104AA000DAB23B181A700B22BB181B787F2BE8D99F
:104AB000BB1800221A7014E07B689B891A000B2037
:104AC0003B181B785BB2DB001A411100FB685A1CD3
:104AD000FA60CAB21A703B181B780133DAB23B187D
:104AE0001A700B217B181B785BB2012BE4DD0A23C3
:104AF000FB181B78013BDAB27B181A7011E07B6857
:104B00001A690B203B181B785BB2D218FB68591C42
:104B1000F96012781A703B181B78013BDAB23B1827
:104B20001A700B22BB181B787F2BE8D9BB18002208
:104B30001A7014E07B689B8A1A000B203B181B78C4
:104B40005BB2DB001A411100FB685A1CFA60CAB262
:104B50001A703B181B780133DAB23B181A700B211C
:104B60007B181B785BB2012BE4DD0A23FB181B7852
:104B7000013BDAB27B181A7011E07B689A690B204E
:104B80003B181B785BB2D218FB68591CF96012788D
:104B90001A703B181B78013BDAB23B181A700B21D4
:104BA0007B181B787F2BE8D9FB685A1CFA607A685F
:104BB000127F1A707B1800221A7013E07B681A6A41
:104BC0000B203B181B785BB2DB00DA401100FB685E
:104BD0005A1CFA60CAB21A703B181B780133DAB259
:104BE0003B181A700B203B181B785BB2022BE5DDDB
:104BF000FB685A1CFA607A682421525C1A703B18D0
:104C000000221A700BE0FB685A1CFA6000221A702E
:104C10000B217B181B780133DAB27B181A700B2139
:104C20007B181B785BB2022BEDDD0A23FB181B7887
:104C3000013BDAB27B181A7011E07B685A680B20CE
:104C40003B181B785BB2D218FB68591CF9601278CC
:104C50001A703B181B78013BDAB23B181A700B2311
:104C6000FB181B787F2BE8D9FA683B68D31A180029
:104C7000BD4604B080BD80B586B000AFF860B960B5
:104C80007A603B60FB6800221A61FB6800225A616F
:104C9000FB687A685A607B685A08FB68DA60FB68D0
:104CA000BA681A60FB6800229A61FB680022DA6128
:104CB0007868FBF7C7FA03001A0017217B181A70EF
:104CC0007B181B78013301225242DA40FB689A605C
:104CD000C046BD4606B080BD80B582B000AF7860EA
:104CE00039607B689B683A6813401800BD4602B083
:104CF00080BD80B588B000AFF860B9607A607B682D
:104D0000002B01D1002342E0FB68180000F099F865
:104D10000300FB617A68FB699A4201D9002336E0FF
:104D2000FB681A69FB6811001800FFF7D5FF030044
:104D3000BB61FB681A697B68D218FB681A61FB6863
:104D40005A68BB69D21A7B68934200D913007B6111
:104D5000FB681A68BB69D3187A69B968180005F04E
:104D6000CFFE7A687B699A420AD0FB681868BA68F5
:104D70007B69D1187A687B69D31A1A0005F0C0FEE6
:104D8000FB689A697B68D218FB689A61FB69180016
:104D9000BD4608B080BD80B586B000AFF860B96090
:104DA0007A607B68002B01D1002346E0FB68180085
:104DB00000F057F802007B68934205D3FB681800A7
:104DC00000F04FF8030000E07B687B60FB685A69E5
:104DD000FB6811001800FFF77FFF03007B61FB6891
:104DE0005A687B69D21A7B68934200D913003B61F1
:104DF000FB681A687B69D1183A69BB68180005F02E
:104E00007FFE7A683B699A420AD0BA683B69D0183B
:104E1000FB6819687A683B69D31A1A0005F070FEBE
:104E2000FB685A697B68D218FB685A61FB68DA69CB
:104E30007B68D218FB68DA617B681800BD4606B053
:104E400080BD90B583B000AF78607B685C687B689C
:104E5000180000F006F80300E31A1800BD4603B07E
:104E600090BD80B582B000AF78607B681A697B68BE
:104E70005B69D31A1800BD4602B080BD80B582B010
:104E800000AFBB1D00221A70FB1D00221A701EE02D
:104E9000BB1D1978FB1D1B780322180000F082FD52
:104EA000BB1DBA1D127803321A70BB1D1978FB1D89
:104EB0001B780322180000F09AFDBB1DBA1D127862
:104EC00003321A70FB1DFA1D127801321A70FB1D95
:104ED0001B78072BDCD9C046C046BD4602B080BD5A
:104EE000B0B586B000AF786008001100BB1C021C92
:104EF0001A803B000A1C1A80062000F09DFD00F07D
:104F00001DF9644B00225A76624B0022DA76614B1F
:104F1000FF229A761723FB1800221A7015257C1998
:104F200000F0F0F8030023707B191B78012B0FD1E0
:104F300017243B193A19127801321A70FA235B00D0
:104F40001800FBF7A1FD3B191B78132BE6D900E0F5
:104F5000C0461723FB181B78132B01D9002395E0BB
:104F6000012000F09BFC031E02D06420FBF78CFDA7
:104F700016243B1900221A70BB1C1B88002B00D181
:104F80007EE00321002000F0B9F9BB1C1B8819004A
:104F9000002000F005FA002000F098FB3C190020EA
:104FA00000F0D4FB030023701723FB1801221A70B2
:104FB0002DE017203B181A7814257B1935498A18DB
:104FC000127C1A703B18197812243B19314A490097
:104FD0008A5A1A807B191B78002B12D03B191B8828
:104FE000002B0ED03B191A8804003B181B781100C7
:104FF000180000F0D5F93B191B780321180000F0C8
:105000007DF91722BB18BA18127801321A701724CA
:105010003B191B78062BCCD93B1907221A703B1978
:105020001B780221180000F069F90C217B1801227D
:1050300052421A607A183B191B781100180000F0D0
:1050400023F921003B191A78124B5200D25A0C0056
:105050007B181B781100180000F074F921007B18F0
:105060001A780C4B5200D25A0C007B181B78110096
:10507000180000F095F93B191B78180000F026FB8A
:105080001623FB181B785A425341DBB21800BD4669
:1050900006B0B0BD1000002080B500AF052000F0C4
:1050A00019FD054B1868044B9B8801221900FCF779
:1050B00092FBC046BD4680BD2C060020B0B584B032
:1050C00000AF0200FB1D1A70062000F003FDFB1D5F
:1050D0001B78180000F026FD0F257C1900F034FD28
:1050E00003002370064B1868054B9B8801221900AA
:1050F000FCF771FB7B191B781800BD4604B0B0BDEE
:105100002C06002090B583B000AF262000F0E2FC12
:10511000FC1D00F019FD03002370074B1868064BB7
:105120009B8801221900FCF756FBFB1D1B78180019
:10513000BD4603B090BDC0462C06002090B583B09C
:1051400000AFFB1D00221A70BB1D00221A70272021
:1051500000F0C0FC114B1868104B9B88012219000D
:10516000FCF739FB0A20FBF78FFCBC1D00F018F898
:1051700003002370BB1D1B78102B08D1FB1D1B786F
:10518000FA1D591C1170C82BECD9FA2302E0C04655
:10519000BB1D1B781800BD4603B090BD2C06002037
:1051A00090B583B000AF2C2000F094FCFC1D00F003
:1051B000CBFC03002370074B1868064B9B88012229
:1051C0001900FCF708FBFB1D1B781800BD4603B057
:1051D00090BDC0462C06002090B585B000AF786029
:1051E000402000F077FC0F23FB1800221A700CE01F
:1051F0007C68631C7B6000F0A7FC030023700F2118
:105200007B181A787B1801321A700F23FB181B7851
:10521000052BEDD9054B1868044B9B88012219001A
:10522000FCF7D9FAC046BD4605B090BD2C0600205B
:1052300090B585B000AF7860282000F04BFC0F23BC
:10524000FB1800221A700CE07C68631C7B6000F085
:105250007BFC030023700F217B181A787B18013226
:105260001A700F23FB181B78072BEDD9054B186814
:10527000044B9B8801221900FCF7ADFAC046BD46DD
:1052800005B090BD2C06002080B582B000AF0200B2
:105290003960FB1D1A70312000F01CFCFB1D1B78CF
:1052A000180000F03FFC3B685A1C3A601B7818005D
:1052B00000F038FC3B685A1C3A601B78180000F07C
:1052C00031FC3B685A1C3A601B78180000F02AFC3D
:1052D0003B685A1C3A601B78180000F023FC064B10
:1052E0001868054B9B8801221900FCF774FAC04628
:1052F000BD4602B080BDC0462C06002080B582B0FD
:1053000000AF0200FB1D1A70BB1D0A1C1A7034206E
:1053100000F0E0FBFB1D1B78180000F003FCBB1D38
:105320001B78180000F0FEFB054B1868044B9B88A7
:1053300001221900FCF74FFAC046BD4602B080BDFD
:105340002C06002080B582B000AF0200FB1D1A7051
:105350003B1D0A1C1A80322000F0BCFBFB1D1B7891
:10536000180000F0DFFB3B1D1B88DBB2180000F0CB
:10537000D9FB3B1D1B881B0A9BB2DBB2180000F057
:10538000D1FB064B1868054B9B8801221900FCF7DE
:1053900022FAC046BD4602B080BDC0462C060020A1
:1053A00080B582B000AF0200FB1D1A703B1D0A1CC5
:1053B0001A80332000F08EFBFB1D1B78180000F0D4
:1053C000B1FB3B1D1B88DBB2180000F0ABFB3B1DA3
:1053D0001B881B0A9BB2DBB2180000F0A3FB064B34
:1053E0001868054B9B8801221900FCF7F4F9C046A8
:1053F000BD4602B080BDC0462C06002080B584B0FA
:1054000000AF39601100FB1D021C1A703B1D0A1C05
:105410001A8002E00A20FBF737FB2D4BDB7EDBB264
:105420001A00FB1D1B781A41130001221340F1D012
:10543000274BDB7EDBB25BB2FA1D12780121914073
:105440000A0052B2D24352B213405BB2DAB2204BDE
:10545000DA76392000F03EFBFB1D1B78180000F0C7
:1054600061FB3B1D1B88DBB2180000F05BFB3B1DA2
:105470001B881B0A9BB2DBB2180000F053FB022012
:1054800000F0A6FB0E23FB1800221A800DE03B68FB
:105490001B78180000F046FB3B6801333B600E218F
:1054A0007B181A887B1801321A800E23FA183B1DCC
:1054B00012881B889A42EAD3064B1868054B9B88D2
:1054C00001221900FCF787F9C046BD4604B080BD33
:1054D000100000202C06002080B582B000AF020032
:1054E000FB1D1A703B1D0A1C1A80392000F0F2FACD
:1054F000FB1D1B78180000F015FB3B1D1B88DBB261
:10550000180000F00FFB3B1D1B881B0A9BB2DBB28F
:10551000180000F007FB022000F05AFBC046BD4611
:1055200002B080BD80B584B000AF78600A00BB1CBB
:105530001A800E23FB1800221A800DE07B681B786E
:10554000180000F0EFFA7B6801337B600E22BB1875
:10555000BA18128801321A800E23FA18BB1C12885E
:105560001B889A42EAD3C046C046BD4604B080BDFF
:1055700080B500AF054B1868044B9B8801221900C9
:10558000FCF729F9C046BD4680BDC0462C06002068
:1055900090B585B000AF0200FB1D1A703B2000F0F3
:1055A00099FAFB1D1B78180000F0BCFA00F0CCFA49
:1055B00003001A000E243B191A8000F0C5FA0300FC
:1055C0009BB21B0299B23B193A1912888A181A80A9
:1055D000064B1868054B9B8801221900FCF7FBF865
:1055E0003B191B881800BD4605B090BD2C06002055
:1055F00080B582B000AF0200FB1D1A702E2000F0B3
:1056000069FAFB1D1B78180000F08CFA054B18682E
:10561000044B9B8801221900FCF7DDF8C046BD460B
:1056200002B080BD2C06002080B584B000AF3A6087
:10563000FB1D021C1A703B1D0A1C1A803B1D1B8897
:10564000002B3CD03C2000F045FAFB1D1B781800D5
:1056500000F068FA3B1D1B88DBB2180000F062FA0C
:105660003B1D1B881B0A9BB2DBB2180000F05AFAE4
:10567000012000F0ADFA0E23FB1800221A800EE084
:1056800000F062FA03001A003B681A703B680133AD
:105690003B600E217B181A887B1801321A800E237A
:1056A000FA183B1D12881B889A42E9D3064B1868EA
:1056B000054B9B8801221900FCF78DF800E0C046DD
:1056C000BD4604B080BDC0462C060020B0B584B0F5
:1056D00000AF0200FB1D1A700F23FB1800221A7086
:1056E0000E23FB1800221A70352000F0F3F9FB1D81
:1056F0001B78180000F016FA134B1868124B9B88A1
:1057000001221900FCF767F80520FBF7BDF90E250B
:105710007C19FFF745FD030023707B191B78102BC4
:1057200009D10F22BB181B78BA18591C1170C82B4D
:10573000EAD9FA2303E0C0460E23FB181B781800B1
:10574000BD4604B0B0BDC0462C060020B0B584B044
:1057500000AF0200FB1D1A700F23FB1800221A7005
:105760000E23FB1800221A70362000F0B3F9FB1D3F
:105770001B78180000F0D6F9134B1868124B9B8861
:1057800001221900FCF727F80520FBF77DF90E250B
:105790007C19FFF705FD030023707B191B78102B84
:1057A00009D10F22BB181B78BA18591C1170C82BCD
:1057B000EAD9FA2303E0C0460E23FB181B78180031
:1057C000BD4604B0B0BDC0462C060020B0B584B0C4
:1057D00000AF0200FB1D1A700F23FB1800221A7085
:1057E0000E23FB1800221A70382000F073F9FB1DFD
:1057F0001B78180000F096F9134B1868124B9B8821
:1058000001221900FBF7E7FF0520FBF73DF90E2504
:105810007C19FFF7C5FC030023707B191B78102B44
:1058200009D10F22BB181B78BA18591C1170C82B4C
:10583000EAD9FA2303E0C0460E23FB181B781800B0
:10584000BD4604B0B0BDC0462C060020B0B584B043
:1058500000AF0200FB1D1A70302000F03BF9FB1D69
:105860001B78180000F05EF9022000F0B1F90F2556
:105870007C1900F069F903002370074B1868064B88
:105880009B8801221900FBF7A6FF7B191B781800E3
:10589000BD4604B0B0BDC0462C060020B0B584B0F3
:1058A00000AF0200FB1D1A700F23FB1800221A70B4
:1058B000412000F00FF9FB1D1B78180000F032F9B1
:1058C000134B1868124B9B8801221900FBF783FFCA
:1058D0001420FBF7D9F80E257C19FFF761FC0300B3
:1058E00023707B191B78102B09D10F22BB181B7852
:1058F000BA18591C1170C82BEAD9FA2303E0C04624
:105900000E23FB181B781800BD4604B0B0BDC0467E
:105910002C06002090B583B000AF422000F0DAF8EA
:10592000FC1D00F011F903002370074B1868064BAB
:105930009B8801221900FBF74EFFFB1D1B78180006
:10594000BD4603B090BDC0462C06002090B585B082
:1059500000AF7860432000F0BDF80F23FB18002251
:105960001A700CE07C68631C7B6000F0EDF80300AB
:1059700023700F217B181A787B1801321A700F23BD
:10598000FB181B78132BEDD9054B1868044B9B882B
:1059900001221900FBF71FFFC046BD4605B090BDB0
:1059A0002C06002090B583B000AF04000800110061
:1059B000FB1D221C1A70BB1D021C1A707B1D0A1CC9
:1059C0001A70522000F086F8FB1D1B78180000F0BA
:1059D000A9F8BB1D1B78180000F0A4F87B1D1B78EC
:1059E000180000F09FF8C046BD4603B090BD90B5CA
:1059F00083B000AF040008001100FB1D221C1A70C8
:105A0000BB1D021C1A707B1D0A1C1A70532000F06B
:105A100061F8FB1D1B78180000F084F8BB1D1B7893
:105A2000180000F07FF87B1D1B78180000F07AF852
:105A3000C046BD4603B090BD80B582B000AF78606F
:105A4000552000F047F87B68DBB2180000F06AF8D8
:105A50007B689BB21B0A9BB2DBB2180000F062F8B5
:105A60007B681B0CDBB2180000F05CF87B681B0E37
:105A7000DBB2180000F056F8C046BD4602B080BD4B
:105A800080B582B000AF192000F024F8022000F0A9
:105A90009FF800F059F803001A00BB1D1A8000F0AF
:105AA00053F803009BB21B0299B2BB1DBA1D1288AA
:105AB0008A181A80064B1868054B9B88012219002A
:105AC000FBF789FEBB1D1B881800BD4602B080BDD8
:105AD0002C06002080B582B000AF0200FB1D1A70BA
:105AE0000E4B18680D4B9B8801221900FBF773FEC3
:105AF0000A4B1868094B9B8800221900FBF76BFEC4
:105B0000F91D074864230122FCF798FB022000F0EE
:105B10005FF8C046BD4602B080BDC0462C060020DE
:105B2000881A002080B582B000AF0200FB1D1A70F9
:105B3000F91D044864230122FCF780FBC046BD46E2
:105B400002B080BD881A002080B582B000AFF91D78
:105B5000054864230122FCF7D1FCFB1D1B781800CB
:105B6000BD4602B080BDC046881A002080B582B014
:105B700000AF78607868134B1B680822190004F0A6
:105B8000F3FF7B680A3360220021180004F0C1FF94
:105B90007B68083302220021180004F0BAFF7B68FA
:105BA0006A22502199527B686C22502199527B685D
:105BB0006E2205499952054B01221A70C046BD4616
:105BC00002B080BD34060020DC050000C4060020C1
:105BD00080B584B000AF78607A681300DB009B1852
:105BE000DB00DB08FB6000E0C046FB68013BFB60BC
:105BF000002BF9D1C046C046BD4604B080BD0000B0
:105C000080B582B000AF786039603B680A4A934241
:105C10000CD83B681A687B685A607B685B68013304
:105C200004D07B683A681A60012300E00023180062
:105C3000BD4602B080BDC046FEFF000890B58DB0E5
:105C400000AFF860B9607A60BB685B68FB62BB68F4
:105C50001B68BB62BB681B687B6214217B18002237
:105C60009A607B1800225A607B1800221A60BB6A77
:105C70000433BB62FB6A013BFB62BB6A1A687B6A46
:105C8000D31808333B623A6A7B6811001800FAF7B0
:105C90003BFA031E16D114217B183A6A1A60BB6ABC
:105CA0001A687B6AD31804331A687B6AD3181A00FF
:105CB0007B185A60BB6A1A687B6AD3181A687B180B
:105CC0009A6002E0FB6A002BD1DCFB681422BA1850
:105CD00013CA13C3F868BD460DB090BD80B586B039
:105CE00000AF786039607B681B683B617B681B682C
:105CF000FB6000237B6115E03B6904333B613B693A
:105D00001A68FB68D3180833BB60BA683B68110097
:105D10001800FAF7F9F9031E01D1012308E07B69A5
:105D200001337B617B685B687A699A42E4D3002324
:105D30001800BD4606B080BD90B583B000AF786056
:105D40007B681B79022B12D07B685C1D2000FAF760
:105D5000E5F90300E218084B100019000B231A00A4
:105D600004F0CEFE7B68180001F016F800E0C04693
:105D7000BD4603B090BDC046DCAD0008B0B588B0EC
:105D800000AF78600C23FB183A4A1A6000225A6070
:105D90001F23FB1800221A702EE01F23FB181B780C
:105DA0003133DAB20C217B18DA707B1800221A71B9
:105DB0007A187B681100180001F00AFD0300BB612E
:105DC0001E217B18FF221A70BB69002B06D07C189D
:105DD000BB69180001F048FD030023701F203B1829
:105DE0001B781422BA181E2179180978D1543B184F
:105DF0003A18127801321A701F23FB181B78012BF6
:105E0000CBD91D257C191423FB180221180003F09F
:105E100099FF030023707B681B79022B12D17B1939
:105E20001B785BB2002B06D1134A14497B6818001B
:105E300000F0DEFE1AE0124A10497B68180000F0FC
:105E4000D7FE13E01D23FB181B785BB2002B06D195
:105E5000094A7B68C821180000F01AFD06E0084ACC
:105E6000962359007B68180000F012FDC046BD461D
:105E700008B0B0BD73656C00E8AD0008F8AD00086F
:105E800000AE000890B585B000AF78607B68FB601D
:105E900008243B190221180004F01EF8FA681E4B72
:105EA0001000190006231A0004F02AFEFB680533CF
:105EB000FB603B191B783033DAB2FB681A70FB6861
:105EC0000133FB60FA68154B1000190007231A0014
:105ED00004F016FEFB680633FB603B195B78303339
:105EE000DAB2FB681A70FB680133FB60FA680C4B8E
:105EF0001000190003231A0004F002FEFB680233AD
:105F0000FB60FB6800221A70FA687B68D31A1800DD
:105F1000BD4605B090BDC04614AE00081CAE0008DA
:105F200024AE000880B584B000AF78600D4B180037
:105F3000FFF7A8FF0300FB607B681B79022B06D1EB
:105F4000084A09497B68180000F052FE05E0054A3E
:105F50007B68C821180000F09BFCC046BD4604B019
:105F600080BDC0460808002028AE000880B582B079
:105F700000AF78607B681B79022B06D1084A09497B
:105F80007B68180000F034FE05E0054A7B68C821F4
:105F9000180000F07DFCC046BD4602B080BDC04682
:105FA00034AE00083CAE000880B582B000AF786027
:105FB0007B681B79022B06D1084A09497B681800C7
:105FC00000F016FE05E0054A7B68C821180000F0C5
:105FD0005FFCC046BD4602B080BDC04644AE00086E
:105FE0004CAE0008B0B586B000AF78600823FB184F
:105FF000334A1A6000221A717B6848229B5C002B8E
:1060000012D17B681B79022B06D12E4A2E497B6860
:10601000180000F0EDFD4FE02A4A962359007B68F6
:10602000180000F035FC47E01723FB1801221A7016
:106030002CE017243B191B789AB208257B190333EF
:106040001900100001F09AFC7A197B681100180001
:1060500001F0BEFB03003B613B69002B10D03B19F4
:106060001B78013B1B0108331A00184BD31802336D
:1060700039691022180004F077FD154B01221A70BF
:106080001722BB18BA18127801321A701723FB189E
:106090001B78062BCDD97B681B79022B06D10D4AC4
:1060A00009497B68180000F0A3FD05E0094A7B68F8
:1060B000C821180000F0ECFBBD4606B0B0BDC046DC
:1060C000616E740054AE000860AE00086C130020CE
:1060D000C4060020E8AD000890B585B000AF786038
:1060E0002D4BBB600F23FB1800221A703AE02B4A9D
:1060F000BB681100180001F0B4FC0300BB600F2165
:106100007B181B783133DAB2BB681A70BB68013375
:10611000BB60BB683D221A70BB680133BB600C00DA
:106120007B181B781B0108331A001D4BD318991CD0
:10613000BB681022180001F0B0FC0300BB60194BD3
:1061400001221A703B191B78052B05D0BB6826224B
:106150001A70BB680133BB600F22BB18BA181278E3
:1061600001321A700F23FB181B78052BBFD97B68EF
:106170001B79022B06D1084A0B497B68180000F0F6
:1061800037FD05E0044A7B68C821180000F080FB59
:10619000C046BD4605B090BD200800206CAE00088A
:1061A0006C130020C406002070AE0008B0B586B0A5
:1061B00000AF78601523FB1805221A707B6848220F
:1061C0009B5C012B12D87B681B79022B06D1354AC8
:1061D00035497B68180000F00BFD5FE0314A9623DB
:1061E00059007B68180000F053FB57E016243B1958
:1061F00000221A802D4A7B681100180001F0E8FA8D
:1062000003003B613B69002B1DD015257B191A78D3
:106210003B691100180004F008FD02000E217B18F4
:106220001A807B191B789BB27A1812889A420AD876
:106230007B181B88002B06D03C193B69180001F025
:1062400057FB030023801622BB181B88002B0CD0A1
:10625000174BBA186A2112885A52164B01221A702B
:106260007B681B79022B13D118E07B681B79022B0A
:1062700006D1114A0C497B68180000F0B9FC0DE00A
:106280000D4A962359007B68180000F001FB05E0D9
:106290000A4A7B68C821180000F0FAFABD4606B029
:1062A000B0BDC04654AE00087CAE000888AE000801
:1062B0006C130020C406002094AE0008E8AD00086E
:1062C00080B584B000AF78601B4BFB60FA681B4B55
:1062D000100019000A231A0004F012FCFB680933AD
:1062E000FB600A203B18164A6A21525A1A80FA6843
:1062F0003B181B881100180001F040FB03001A0036
:10630000FB689B18FB60FB6800221A707B681B7996
:10631000022B06D1084A0B497B68180000F068FC84
:1063200005E0054A7B68C821180000F0B1FAC046B4
:10633000BD4604B080BDC046A0080020ACAE000839
:106340006C130020B8AE000880B582B000AF786052
:106350007B6800221A707B684822002199547B6870
:1063600000221A717B680022DA707B688C2200217F
:1063700099547B687C22002199547B6884220021F7
:1063800099527B688021074A5A507B688E220021EF
:1063900099547B68180000F029F8C046BD4602B049
:1063A00080BDC0460814002080B582B000AF786080
:1063B0007B6800221A707B684822002199547B6810
:1063C0008C22002199547B687C22002199547B689F
:1063D0008422002199527B688021034A5A50C0468A
:1063E000BD4602B080BDC0460814002080B582B012
:1063F00000AF7860FAF73EFB02007B68A0215A509C
:10640000C046BD4602B080BD80B582B000AF7860A6
:106410007B681800F9F782FE0300032B00D887E0A1
:106420007B681800F9F77AFE0300053B7A68D318F9
:10643000424A11001800F9F767FE031E01D1404BD4
:1064400077E07B681800F9F769FE0300043B7A687F
:10645000D3183C4A11001800F9F756FE031E01D16B
:10646000374B66E07B681800F9F758FE0300043BE1
:106470007A68D318344A11001800F9F745FE031E54
:1064800001D1324B55E07B681800F9F747FE030055
:10649000033B7A68D3182E4A11001800F9F734FE2E
:1064A000031E01D12B4B44E07B681800F9F736FE40
:1064B0000300043B7A68D318274A11001800F9F743
:1064C00023FE031E01D1254B33E07B681800F9F74A
:1064D00025FE0300043B7A68D318214A11001800F6
:1064E000F9F712FE031E01D11E4B22E07B68180053
:1064F000F9F714FE0300053B7A68D3181A4A110015
:106500001800F9F701FE031E01D1164B11E07B685C
:106510001800F9F703FE0300043B7A68D318134A06
:1065200011001800F9F7F0FD031E01D1104B00E037
:10653000104B1800BD4602B080BDC046C8AE000872
:10654000D8B10008D0AE0008D8AE0008E4B1000809
:10655000E0AE0008F0B10008E4AE000808B20008A0
:10656000ECAE000814B20008F4AE0008FCAE00085F
:1065700020B20008CCB1000882B0F0B58FB000AFF7
:106580007860396048250820391849190A604B603D
:106590007B6880229B583B632F26BB1900221A7010
:1065A0003B185B191C683B185B191B681800F9F74E
:1065B000B5FD0300033BE318AA4A11001800F9F7E0
:1065C000A3FD031E1CD1BB1901221A7008203B1821
:1065D0005B191A680C243B191100180004F0BCFA6E
:1065E0003B191800F9F79AFD0300033B3A19002103
:1065F000D1543B191800FFF707FF03007B630AE043
:10660000482308229446BC4463441B681800FFF7E3
:10661000FBFE03007B633B6B00221A703B6B180090
:10662000F9F77CFD03001A003B6B9A188E4B1000A3
:10663000190009231A0004F063FA3B6B08333B632B
:106640003B6B20221A703B6B01333B633B689BB270
:106650003A6B1100180001F091F903001A003B6B2E
:106660009B183B633B6B1800F9F758FD03001A00B9
:106670003B6B9A187D4B1000190006231A0004F09A
:106680003FFA3B6B05333B633B6B1800F9F746FD64
:1066900003001A003B6B9A18754B100019000D236C
:1066A0001A0004F02DFA3B6B0C333B637B681B79BB
:1066B000002B12D13B6B1800F9F730FD03001A00D4
:1066C0003B6B9A186B4B1000190009231A0004F059
:1066D00017FA3B6B08333B6311E03B6B1800F9F78B
:1066E0001DFD03001A003B6B9A18634B1000190044
:1066F0000D231A0004F004FA3B6B0C333B632F2389
:10670000FB181B78002B11D03B6B1800F9F706FD26
:1067100003001A003B6B9A18584B100019001923FC
:106720001A0004F0EDF93B6B18333B633B6B180028
:10673000F9F7F4FC03001A003B6B9A18504B100059
:1067400019000F231A0004F0DBF93B6B0E333B6397
:106750007A6B3B6B1100180004F0E3F97B6B1800B7
:10676000F9F7DCFC02003B6B9B183B633B6B1800AA
:10677000F9F7D4FC03001A003B6B9A18414B100048
:10678000190003231A0004F0BBF93B6B02333B638F
:106790003B6B1800F9F7C2FC03001A003B6B9A1818
:1067A000394B1000190011231A0004F0A9F93B6BB2
:1067B00010333B63482408257B191B199B689BB247
:1067C0003A6B1100180001F0D9F803001A003B6B76
:1067D0009B183B633B6B1800F9F7A0FC03001A0001
:1067E0003B6B9A18294B1000190003231A0004F080
:1067F00087F93B6B02333B633B6B1800F9F78EFC68
:1068000003001A003B6B9A18204B10001900032359
:106810001A0004F075F93B6B02333B637B688022FE
:106820009B581800F9F77AFC030099B27B687E2226
:1068300099527B191B199B6899B27B6884229952E3
:106840007B191B195A687B6888215A507B687C2207
:1068500001219954C046BD460FB0F0BC08BC02B03F
:106860001847C04604AF0008C0B1000808AF0008D0
:1068700010AF000820AF00082CAF00083CAF0008A4
:1068800058AF000868AF00086CAF0008B4B100084A
:1068900080B588B000AFF860B9607A60FB6880228C
:1068A0009B58FB61FB6900221A70FB691800F9F71D
:1068B00035FC03001A00FB699A18944B100019006C
:1068C00009231A0004F01CF9FB690833FB61FB691A
:1068D00020221A70FB690133FB61BB689BB2FA6925
:1068E0001100180001F04AF803001A00FB699B1818
:1068F000FB61BB68C82B05D0BA68C8235B009A420D
:1069000013D025E0FB691800F9F708FC03001A0012
:10691000FB699A187E4B1000190006231A0004F038
:10692000EFF8FB690533FB6112E0FB691800F9F72A
:10693000F5FB03001A00FB699A18764B100019004A
:1069400009231A0004F0DCF8FB690833FB61C04638
:10695000FB691800F9F7E2FB03001A00FB699A18BB
:106960006D4B100019000D231A0004F0C9F8FB69E3
:106970000C33FB61FB681B79002B12D1FB691800FB
:10698000F9F7CCFB03001A00FB699A18634B10005F
:10699000190009231A0004F0B3F8FB690833FB61FE
:1069A00011E0FB691800F9F7B9FB03001A00FB6955
:1069B0009A185B4B100019000D231A0004F0A0F880
:1069C000FB690C33FB61FB6805331800FFF71CFD06
:1069D0000300BB61FB691800F9F7A0FB03001A0074
:1069E000FB699A184F4B100019000F231A0004F08E
:1069F00087F8FB690E33FB61BA69FB691100180067
:106A000004F08FF8BB691800F9F788FB0200FB69F6
:106A10009B18FB61FB691800F9F780FB03001A0063
:106A2000FB699A18404B1000190003231A0004F068
:106A300067F8FB690233FB61FB691800F9F76EFB2D
:106A400003001A00FB699A18384B10001900112333
:106A50001A0004F055F8FB691033FB617B681800DD
:106A6000F9F75CFB020016217B181A80FA697B1883
:106A70001B881100180000F081FF03001A00FB6959
:106A80009B18FB61FB691800F9F748FB03001A002B
:106A9000FB699A18264B1000190003231A0004F012
:106AA0002FF8FB690233FB61FB691800F9F736FB2D
:106AB00003001A00FB699A181D4B100019000323EC
:106AC0001A0004F01DF8FB690233FB61FB688022A9
:106AD0009B581800F9F722FB030099B2FB687E224D
:106AE00099527B681800F9F719FB030099B2FB680B
:106AF00084229952FB6888217A685A50FB687C226C
:106B000001219954C046BD4608B080BDC0B10008FF
:106B100008AF000880AF000810AF000820AF0008E1
:106B20002CAF000858AF000868AF00086CAF000831
:106B3000B4B1000890B587B000AFF860B9607A6072
:106B40003B6016243B1900221A807B68002B23D05F
:106B5000FA68254B1000190005231A0003F0D0FF36
:106B60007B688021180004F060F802003B191A804D
:106B7000FB68181DBB685A1F7B68190003F0F4FFFF
:106B80003B191B880433FA68D31826221A703B1964
:106B90003A19128805321A8016243B191B88FA68A4
:106BA000D0183B191B88BA68D31A5A1E3B681900C3
:106BB00003F0DAFF0D4A3B681100180004F035F8C5
:106BC000030099B23B193A1912888A181A803B19A6
:106BD0001B88FA68D31800221A703B191B8818000A
:106BE000BD4607B090BDC0468CAF0008FF01000055
:106BF00080B586B000AFF860B9607A607B68BA682B
:106C0000802149001048FFF795FF03007B61FB6876
:106C100080229B583B617B690B4A0C49386903F021
:106C2000FFFC03007B617B6999B2FB687E2299526D
:106C3000FB68842200219952FB687C22012199542F
:106C4000C046BD4606B080BD3C0D0020FF010000DF
:106C500080B586B000AFF860B9607A60FB688022CA
:106C60009B587B617B6900221A707A69434B100044
:106C7000190009231A0003F043FF7B6908337B6185
:106C80007B6920221A707B6901337B617B69190063
:106C9000652000F073FE03001A007B699B187B617E
:106CA0007A69374B1000190017231A0003F028FFE8
:106CB0007B6916337B617A69324B1000190015230A
:106CC0001A0003F01DFF7B6914337B617A692E4B38
:106CD0001000190016231A0003F012FF7B69153308
:106CE0007B617A69294B1000190017231A0003F001
:106CF00007FF7B6916337B617A697968B86830234E
:106D000003F066FB03003B613B697A69D3187B6142
:106D10003B69002B24DD7A691D4B10001900052307
:106D20001A0003F0EDFE7B6904337B617B6900226E
:106D30001A70FB6880229B587A69D31A99B2FB6853
:106D40007E229952FB68842200219952FB68882296
:106D500000219950FB687C2201219954002308E00E
:106D60000C4AC8235900FB681800FFF791FD012366
:106D70005B421800BD4606B080BDC046C0B10008E9
:106D800094AF0008ACAF0008C4AF0008DCAF000847
:106D9000F4AF0008FCAF0008B0B5A2B002AF786055
:106DA0007B685A1D424B11001800FEF797FF031E27
:106DB0001ED07B685A1D18243B193D491800FEF768
:106DC0003DFF3B191B68002B4ED07B685A1D682481
:106DD0003B1937491800FEF731FF3B1978686A46BE
:106DE000996811601A685B68C821FFF7C5FB5CE011
:106DF0007B685A1D24243B191100180003F0ACFED7
:106E00003B191800F9F78AF903001A003B199A1880
:106E1000284B1000190004231A0003F071FE3A19E0
:106E2000234B11001800FEF759FF031E1CD00C2540
:106E30007B193A191E491800FEF700FF7B191B68E1
:106E4000002B11D074257B193A1919491800FEF747
:106E5000F5FE7B1978686A46996811601A685B6864
:106E6000C821FFF789FB20E0134B144A13CA13C350
:106E70007B68591D104B4022180003F09BFE0E4BFF
:106E80001800F9F74BF903001A000B4BD2180C4B02
:106E90001000190003231A0003F032FE064ACA2329
:106EA00059007B681800FFF7F3FCBD4620B0B0BD69
:106EB0000014002004AF00083C0E00203CB0000885
:106EC000B4B10008B0B588B000AF78601B217B1862
:106ED0007A68927E1A700A00BB181B785BB2002B8E
:106EE00000DCB3E1BB181B785BB2013BA4225A4320
:106EF000B44BD3187B617B691800FFF777FA7B6985
:106F00008C229B5C002B54D07B697C229B5C002BE9
:106F10004FD17B691B79022B19D17B698E229B5C37
:106F2000002B14D17B695C331C007B695C33180037
:106F3000F9F7F4F802007B6921001800FFF788FEDA
:106F400003003B617B698E220121995431E01F23AC
:106F5000FB1800221A701EE07B69581D1F243B1984
:106F60001A78994BD200D3584022190003F038FE0A
:106F7000031E0AD13B191B78934ADB00D318043354
:106F80001B687A69100098470AE01F22BB18BA18DC
:106F9000127801321A701F23FB181B78082BDBD9DB
:106FA0001F23FB181B78082B03D97B691800FFF7F8
:106FB000F3FE7B68DB7EDBB21A001B23FB181B7819
:106FC0005BB21A4113000122134000D114E17B6926
:106FD0008C229B5C002B00D10EE17B697C229B5CA8
:106FE000012B00D091E07B697E229A5A0E203B183B
:106FF00076498A1A1A807B698422995A0C23FA18D6
:107000003B180C1C1B8898B2A1B2884200D9231CE3
:1070100013801B257B1918787B697E229A5A0C24D1
:107020003B191B88D3189BB21900FEF755FA7B69F0
:1070300080229A587B697E215B5A19001000FEF766
:1070400071FA7B6988229A583B191B881900100035
:10705000FEF768FAFEF78CFA5D4BDB7EDBB25BB2C3
:1070600028003A18127852B2012191400A0052B217
:10707000D24352B213405BB2DAB2554BDA767B6937
:1070800084229A5A3B191B88D31A99B27B698422AD
:1070900099527B6988229A583B191B88D2187B69C0
:1070A00088215A507B6984229B5A002B28D17B6906
:1070B0001B79002B09D13B181B78180000F006F94A
:1070C0007B691800FFF740F913E07B698E229B5C17
:1070D000022B04D17B698E220321995409E01B23E2
:1070E000FB181B78180000F02FF97B691800FFF7D8
:1070F0005BF900F0B1F803001A00354B9A767BE09B
:107100007B697C220221995476E07B697C229B5C1E
:10711000022B00D070E01C243B197A698421525A5A
:107120001A801B23FB1818787B69882299583B1911
:107130001B88284A934204D93B19244A1A80234BBE
:1071400002E01C23FB181B881A00FEF757F9204B9E
:10715000DB7EDBB25BB21B203A18127852B20121FF
:1071600091400A0052B2D24352B213405BB2DAB23B
:10717000174BDA767B6984229A5A1C243B191B88A8
:10718000D31A99B27B69842299527B6988229A58D2
:107190003B191B88D2187B6988215A507B6984224D
:1071A0009B5A002B28D17B691B79002B14D13B18EB
:1071B0001B78180000F08AF87B691800FFF7C4F804
:1071C00014E0C046C0080020380600204605000034
:1071D00010000020450500001B23FB181B78180039
:1071E00000F0B2F87B691800FFF7DEF800F034F821
:1071F00003001A00174B9A767B698D229B5C1A005C
:107200001B243B191B785BB29A421FD17B698C22ED
:107210009B5C01225340DBB2002B17D000F01CF81E
:1072200003001A000B4B9A767B691B79002B0DD15A
:107230003B191B781800FEF7C9FA3B191B78180098
:1072400000F044F87B691800FFF77EF8C046BD46A1
:1072500008B0B0BD1000002080B582B000AFFB1DAB
:1072600001221A7022E0FB1D1B785BB2013B154A1C
:107270008C21A4204343D3185B181B78002B0FD01C
:10728000114B1B7EDBB21A00FB1D1B785BB21A414F
:1072900013000122134003D0FB1D1B785BB20CE0EE
:1072A000FB1D1B780133DAB2FB1D1A70FB1D1B7826
:1072B0005BB2072BD7DD01235B421800BD4602B04D
:1072C00080BDC046C00800201000002080B582B0FC
:1072D00000AF0200FB1D1A70194B5B7EDBB25BB284
:1072E000FA1D1278012191400A0052B2D24352B2E3
:1072F00013405BB2DAB2124B5A76114B1B7EDBB2F3
:107300005BB2FA1D1278012191400A0052B2D243B9
:1073100052B213405BB2DAB2094B1A76084BFF2225
:107320009A76FB1D1B78013B064AA4214B43D318D8
:10733000043300221A70C046BD4602B080BDC0466C
:1073400010000020C008002080B582B000AF02000D
:10735000FB1D1A700B4B5B7EDBB25BB2FA1D127821
:10736000012191400A0052B2D24352B213405BB2A3
:10737000DAB2044B5A76034BFF229A76C046BD46DA
:1073800002B080BD1000002080B586B000AF7860EC
:1073900039603B681800F8F7C1FE03007B617B6829
:1073A0001B683B613B69002B19D03A683B691100AF
:1073B000180003F065FC0300FB60FB68002B0BD09A
:1073C0007A69FB680021180003F0A3FB7B69FA6867
:1073D000D2187B681A6002E07B6800221A603B6961
:1073E0001800BD4606B080BD90B58BB000AF786088
:1073F00039607B681B78042B00D1ACE100DDAEE185
:10740000032B00D16BE100DDA9E1002B03D0012BA0
:1074100000D1ADE0A3E13B687B61D84A1423FB189F
:1074200011001800FFF7B0FF03007B627B6A002B9E
:1074300000D196E1C046C023DA00D1497B6A18002A
:1074400003F0FEFB031E01D1C046B4E11023FA187D
:10745000CC497B6A180003F058FC0300FB61FB6910
:10746000002B00D17FE1C046C74AFB69110018001C
:10747000F8F74AFE031E03D17B680022DA700EE0A3
:10748000C24AFB6911001800F8F73EFE031E03D143
:107490007B680122DA7002E07B680022DA70102338
:1074A000FA18B84B1900002003F02FFC0300FB6111
:1074B000FB69002B00D158E17B680533F969402254
:1074C000180003F051FBC0467B6805333F211800CC
:1074D00003F034FB0300BB617B68DB78002B33D106
:1074E000BB69002B30D0BB6900221A70C046BB6953
:1074F0000133BB61BB691B78002B25D00C23FA1824
:10750000A349BB69180003F000FC03003B6218E0CC
:10751000C0467B6848229B5C5A1CD0B27A684821DE
:1075200050547A6812339B00D31804333A6A1A60B5
:107530000C23FA18964B1900002003F0E6FB030019
:107540003B623B6A002BE3D11023FA188D4B1900E4
:10755000002003F0DAFB0300FB61FB69002B00D184
:1075600005E1C0467B681B780133DAB27B681A708C
:10757000824A1423FB1811001800FFF705FF0300CF
:107580007B62A2E0C04610243A1982497B6A180047
:1075900003F0BBFB0300FB61FB69002B00D198E00B
:1075A000FB691B78002B00D193E0FB69002B00D115
:1075B00082E0C046784AFB6911001800F8F7A4FD84
:1075C000031E3CD13A19734B1900002003F09DFBB8
:1075D0000300FB61FB69002B00D1CAE0C0466F4A83
:1075E000FB691100180003F04BFB031E07D16C4A26
:1075F000FB691100180003F043FB031E07D07B68F2
:107600008E22002199547B6802221A7154E0654A47
:10761000FB691100180003F033FB031E07D1624A17
:10762000FB691100180003F02BFB031E03D07B68DD
:1076300000221A7140E07B6800221A713CE05B4A2C
:10764000FB6911001800F8F75FFD031E14D1102329
:10765000FA18504B1900002003F057FB0300FB61A0
:10766000FB69002B00D186E07B685C33F96920223E
:10767000180003F079FA1FE04D4AFB691100180069
:10768000F8F742FD031E17D17B681B79022B13D03C
:107690001023FA183F4B1900002003F036FB0300BB
:1076A000FB61FB69002B00D184E07B685C33F969E6
:1076B0002022180003F058FA304A1423FB18110056
:1076C0001800FFF761FE03007B627B6A002B00D08D
:1076D00058E77B681B780133DAB27B681A707B68E5
:1076E000DB78012B31D1254A1423FB181100180037
:1076F000FFF74AFE03007B627B6A002B25D00C2338
:10770000FA1823497B6A180003F0FFFA03003B6272
:1077100018E0C0467B6848229B5C5A1CD0B27A684D
:10772000482150547A6812339B00D31804333A6AC4
:107730001A600C23FA18164B1900002003F0E5FA22
:1077400003003B623B6A002BE3D17B681B7801336B
:10775000DAB27B681A707B688C220121995401236C
:1077600031E0C04627E0C04625E0C04623E0C046E1
:1077700021E0C0461FE0C0461DE0C046B4B100088D
:1077800048B00008B8B10008B0B10008A8B10008BE
:1077900050B00008BCB1000894B1000854B0000813
:1077A0005CB0000864B000086CB0000874B0000859
:1077B000A0B10008C0467B6800221A707B688C224A
:1077C0000021995400231800BD460BB090BDC0465F
:1077D00080B586B000AF786039607B6848229B5CDA
:1077E000002B01D100233BE03B68FB6000237B6161
:1077F0002EE07A687B6912339B00D31804331B6830
:107800003B610BE03B691A78FB681B789A420ED10A
:10781000FB680133FB603B6901333B613B691B78CB
:10782000002B05D0FB681B78002BEBD100E0C04695
:10783000FB681B78002B06D13B691B783D2B02D1DE
:107840003B6901330CE03B68FB607B6901337B6182
:107850007B6848229B5C1A007B699342C9DB00234A
:107860001800BD4606B080BD80B584B000AF78601A
:107870000E23FB1800221A700F23FB1800221A7027
:1078800025E07B681B782F2B1FD97B681B78392B51
:107890001BD80E203A183B181B78191C8900CB18EE
:1078A000DB1813707B681A783B181B78D318DAB290
:1078B0003B18303A1A707B6801337B600F22BB188B
:1078C000BA18127801321A7001E0FF230BE00F237F
:1078D000FB181B78022B03D87B681B78002BD0D1B8
:1078E0000E23FB181B781800BD4604B080BD0000B5
:1078F00080B584B000AF78600E23FB1800221A70A8
:107900000F23FB1800221A7025E07B681B782F2BB1
:107910001FD97B681B78392B1BD80E203A183B18CF
:107920001B78191C8900CB18DB1813707B681A7838
:107930003B181B78D318DAB23B18303A1A707B68C0
:1079400001337B600F22BB18BA18127801321A700B
:1079500001E0094B0CE00F23FB181B78042B03D824
:107960007B681B78002BD0D10E23FB181B789BB2B1
:107970001800BD4604B080BDFFFF0000B0B584B064
:1079800000AF02003960BB1D1A800F23FB180022D4
:107990001A701DE0BB1D1B880A211800F8F74CFC6B
:1079A0000B009BB2DAB20F217B181B787918581C98
:1079B000087019003B685B183032D2B21A70BC1DD7
:1079C000BB1D1B880A211800F8F7B0FB03002380B9
:1079D000BB1D1B88002BDDD10F23FB181B783A68D9
:1079E000D31800221A700E23FB1800221A7028E008
:1079F0000E203B181B783A68D2180D243B191278D8
:107A00001A700F257B191A783B181B78D31A013B83
:107A10003A68D2183B181B783968CB1812781A705C
:107A20007B191A7801007B181B78D31A013B3A683E
:107A3000D3183A1912781A707B187A181278013212
:107A40001A700F217B181B785B08DBB20E22BA1864
:107A500012789A42CCD37B181B781800BD4604B02C
:107A6000B0BD80B582B000AF7860396009E03B6896
:107A70001A787B681A703B6801333B607B6801337E
:107A80007B603B681B78002BF1D17B6800221A7069
:107A90007B681800BD4602B080BD80B584B000AFE1
:107AA000F860B960BB1D1A800EE0BB681A78FB68ED
:107AB0001A70BB680133BB60FB680133FB60BB1D00
:107AC0001A88BB1D013A1A80BB681B78002B03D0B3
:107AD000BB1D1B88002BE8D1FB6800221A70FB68D5
:107AE0001800BD4604B080BDF0B585B000AF786029
:107AF00039600A23FB1800221A700F23FB1800229A
:107B00001A700E23FB1800221A70ADE00E23FB182A
:107B10001B783A68D2180D217B1812781A700C2342
:107B2000FB1800221A707B181B78002B2BD024E046
:107B30000D243B191B780A211800F8F77DFB0B0078
:107B4000DAB20F217B181B787918581C08701900BD
:107B50007B685B183032D2B21A702300FC18FB1815
:107B60001B780A211800F8F7E1FA030023700C22B1
:107B7000BB18BA18127801321A700D23FB181B7843
:107B8000002BD5D10AE00F22BB181B78BA18591C5C
:107B900011701A007B689B1830221A700B23FB1897
:107BA00000221A7038E00F243B191B785A1E0B2054
:107BB0003B181B78D31A1A007B689A1809257B1981
:107BC00012781A703B191A780C26BB191B78D21A36
:107BD0003B181B78D3181A007B689A183B191B783E
:107BE000591E3B181B78CB1A19007B685B1812785A
:107BF0001A703B191A78BB191B78D21A3B181B78DC
:107C0000D3181A007B689B187A1912781A703B18DF
:107C10003A18127801321A700C23FB181B785B0893
:107C2000DBB20B22BA1812789A42BCD30E23FB188F
:107C30001B78022B0BD80F22BB181B78BA18591CC3
:107C400011701A007B689B182E221A7006E00F2311
:107C5000FB181B787A68D31800221A700E22BB1802
:107C6000BA18127801321A700E23FB181B78032BF6
:107C700000D84BE70F23FB181B781800BD4605B052
:107C8000F0BD80B582B000AF78607B68002118003D
:107C900000F068F87A68C0239B00D35C002B0AD1FF
:107CA0007A68C1239B00D35879688022520018005B
:107CB000FCF741FE0BE07A68C1239B00D0587B683B
:107CC0000133FF33802252001900FCF734FEC04616
:107CD000BD4602B080BD000080B582B000AF7860C4
:107CE00039607B68C122920094466344396814224B
:107CF000180002F005FF7B68174A002199547A6842
:107D0000C1239B00D3587A685A627B68C6229200CE
:107D100098183B68D9683B681B8A1A000023FCF757
:107D2000AAFF7B680D4A002199547A68D2239B00F0
:107D30000021D1547B680A4A002199547B680021B4
:107D4000180000F00FF87A68C0239B000021D1547E
:107D5000C046BD4602B080BD4A0300004903000092
:107D60004B03000080B582B000AF78600A00FB1CB6
:107D70001A707B68FA1C1A4912785A54FB1C1B783B
:107D8000002B02D0012B0DD019E07A68C2239B0092
:107D9000D0587A68C3239B00D35A00221900F9F700
:107DA0001AFD19E07A68C2239B00D0587A68C32371
:107DB0009B00D35A01221900F9F70DFD0CE07A68F7
:107DC000C2239B00D0587A68C3239B00D35A002259
:107DD0001900F9F700FDC046C046BD4602B080BD9F
:107DE0004B03000080B586B000AFF860B960BB1DE2
:107DF0001A80BB1D1B88002B09D180235A00BB6849
:107E00001100180002F011FF0200BB1D1A80BB1DFB
:107E10001B88002B31D0FB6801211800FFF7A2FF5F
:107E2000FB68802292009818BB1D1A88BB68190055
:107E300002F066FEF8F71EFE03007B61C046FB6899
:107E4000104A9B5C012B06D1F8F714FE02007B69F7
:107E5000D31A632BF3D9FB680A4A01219954FA68B3
:107E6000C1239B00D058FB68802292009918BB1D4B
:107E70001B881A00FBF726FC00E0C046BD4606B092
:107E800080BDC0464A03000090B587B000AFF860DF
:107E9000B960BB1D1A80FB682C4A9A5CF968D22332
:107EA0009B00CB5C9A4249D0FA68D2239B00D25CFB
:107EB00017203B1807210A401A703B181978142420
:107EC0003B19FA689D31FF3149008A5A1A80FA68D5
:107ED000D2239B00D35C0133D9B2FA68D2239B0032
:107EE000D154FB68C622920098183B19BA1D148819
:107EF0001B8899B2A2B2914200D9231C9BB21A00EE
:107F0000BB681900FCF747FFBA1D14217B181288C3
:107F10001B889A420ED2FA68CB239B00D3587A185A
:107F20001188BA1D12888A1A9918FA68CB239B0007
:107F3000D15004E01423FB181B8802E0C046012343
:107F40005B421800BD4607B090BDC0464903000023
:107F500080B584B000AF78600A00BB1C1A807B68D3
:107F60005B6ABB60264B1B68BA689A4244D1002307
:107F7000FB60234B1A68C0239B00D35C002B09D104
:107F80001F4B1B68FB601E4B1A68C0239B0001211E
:107F9000D1540AE01A4B1B680133FF33FB60184BC6
:107FA0001A68C0239B000021D154154B1B68180090
:107FB000FFF767FE124B1A68114B1B6811495B5C97
:107FC000190007230B409D33FF335B00B91C098860
:107FD00099520B4B1B680B4A9A5C0132D1B2094A89
:107FE0009954074B1B68C62292009818BB1C1A882C
:107FF000FB681900FCF77DFEC046BD4604B080BD9D
:10800000800600204903000080B584B000AF78608E
:108010007B685B6AFB600A4B1B68FA689A420AD16C
:10802000074B1B68074A00219954054B1B68002128
:108030001800FFF797FEC046BD4604B080BDC0469D
:10804000800600204A03000080B584B000AF78604D
:108050007B685B6AFB60094B1B68FA689A4209D12E
:10806000064B1B68064A00219954044B1B681800F4
:10807000FFF707FEC046BD4604B080BD8006002065
:108080004A03000080B584B000AFB9607A600F2366
:10809000FB18021C1A707B683F221A707B68013340
:1080A0000D221A707B68023300221A700023180018
:1080B000BD4604B080BD0000B0B588B000AFB96067
:1080C0007A600F217B18021C1A707B181B78012B19
:1080D0003FD9BB6804331B681F257C191822BA18C6
:1080E0000121180000F0B4FA030023707B191B78FB
:1080F0005BB2002B2FD1BB69002B2ED0BB69022BAA
:108100002BD814243B190221180001F0E5FE7A68EF
:10811000154B1000190004231A0002F0F1FCBB6992
:10812000DAB27B6803333032D2B21A70BB69013BDA
:108130003A19D25C7B6804333032D2B21A707B6851
:1081400005330D221A707B68063300221A70002353
:1081500005E0C04602E0C04600E0C046012318002A
:10816000BD4608B0B0BDC04688B00008B0B588B004
:1081700000AFB9607A600F217B18021C1A707B185F
:108180001B78022B00D878E000237B61BB680433A6
:108190001B681E257C191822BA180121180000F04E
:1081A00057FA030023702A00BB181B785BB2002B20
:1081B00065D1BB6808331B68BC181422BA180221A9
:1081C000180000F045FA03002370BB69002B58D05B
:1081D000BB69022B55D87B69062B52D81023FB189C
:1081E00000221A801F23FB1800221A7014E01F249B
:1081F0003B191A783B19197825481300DB009B1AA4
:108200009B00C31818331A781023FB185A543B19D3
:108210003A19127801321A701F23FB181B78012BB0
:10822000E5D97A69BB69013BD1B210203A18D15423
:108230003B180221180001F085FD7A68154B1000EB
:10824000190004231A0002F05BFCBB69DAB27B68F8
:1082500003333032D2B21A707B69DAB27B680433EE
:108260003032D2B21A707B6805330D221A707B68E7
:10827000063300221A70002305E0C04602E0C04623
:1082800000E0C04601231800BD4608B0B0BDC0469E
:10829000C419002088B00008B0B588B000AFB9603C
:1082A0007A600F217B18021C1A707B181B78022B36
:1082B00055D900237B61BB6804331B681F257C19DB
:1082C0001422BA180121180000F0C2F9030023702B
:1082D0007B191B785BB2002B43D17B69002B42D00A
:1082E0007B69062B3FD87B69013B1B0108331A00D1
:1082F000204BD3180233BB61BB6808331968BB69D4
:108300001022180002F030FCBB690F3300221A70F3
:108310007A68194B1000190005231A0002F0F0FBCF
:108320007B69DAB27B6804333032D2B21A707B6870
:108330000533BA691100180002F00EFC7B681800C2
:10834000F7F7ECFE03001A007B689A180B4B10003D
:10835000190002231A0002F0D3FB002305E0C046F7
:1083600002E0C04600E0C04601231800BD4608B048
:10837000B0BDC0466C1300208CB0000894B000085B
:10838000B0B588B000AFB9607A600F217B18021CCD
:108390001A707B181B78012B4DD900237B61BB68B9
:1083A00004331B681F257C191422BA1801211800F8
:1083B00000F04EF9030023707B191B785BB2002B91
:1083C0003BD17B69002B3AD07B69062B37D87B6980
:1083D000013B1B0108331A001C4BD3180233BB614D
:1083E000BB690F3300221A707A68194B100019000C
:1083F00005231A0002F084FB7B69DAB27B68043340
:108400003032D2B21A707B680533BA691100180095
:1084100002F0A2FB7B681800F7F780FE03001A0049
:108420007B689A180B4B1000190002231A0002F007
:1084300067FB002305E0C04602E0C04600E0C046FE
:1084400001231800BD4608B0B0BDC0466C13002023
:108450008CB0000894B0000890B58BB000AFF86005
:108460007A600A203B180A1C1A8000237B62744B36
:108470003B620023FB6104003B181B88002B10D1DA
:10848000FB681800F7F74AFE02003B191A8008E063
:10849000FB680133FB600A22BB18BA181288013A44
:1084A0001A800A23FB181B88002B0BD0FB681B7853
:1084B000402B03D9FB681B785A2B03D9FB681B7828
:1084C0003F2BE5D10A23FB181B88002B00D1AAE023
:1084D0005C4B5B4A1A600EE00A22BB18BA1812887D
:1084E000013A1A803B6A5A1C3A62FA6812781A708A
:1084F000FB680133FB600A23FB181B88002B0BD0A1
:10850000FB681B78402B03D9FB681B785A2BE3D9F7
:10851000FB681B783F2BDFD03A6A494B9A4200D167
:1085200083E03B6A5A1C3A6200221A70FB690133ED
:10853000FB6140E00A22BB18BA181288013A1A807F
:10854000FB680133FB600A23FB181B88002B0BD050
:10855000FB681B78202BEDD0FB681B782C2BE9D017
:10856000FB681B78092BE5D00A203B181B88002BE1
:108570002AD0FB681B782F2B26D9FB681B78392B58
:1085800022D8FB681A783B6A1A702E4BFA6992005F
:10859000396AD150FB690133FB61FB680133FB6031
:1085A0003B183A181288013A1A803B6A01333B6241
:1085B0003B6A00221A700A23FB181B88002B05D087
:1085C000FB69032BBFD901E0C04600E0C046002391
:1085D0007B6202E07B6A01337B627B6A042B0AD8F0
:1085E000184B1868184B7A6A9200D3581900F7F79D
:1085F0008BFD031EEED17B6A042B18D8134B7A6ACD
:108600009200D358BB61BB69002B0AD0FB69D8B27A
:108610007A680C49BB69984703007B617B69002B32
:1086200007D17B6A08E0C04604E0C04602E0C046CD
:1086300000E0C04601235B421800BD460BB090BD70
:108640008C0E00209C0E0020840600202CB2000816
:1086500080B588B000AFF8607A600B23FB180A1C65
:108660001A70FB68FB610023BB6120E0FB691A788C
:1086700017217B18303A1A707B181B78092B25D8E4
:10868000BA6913009B009B185B001A00FB691B78FA
:10869000D318303BBB61FB690133FB610B217B18B5
:1086A0001B785BB2DBB2013BDAB27B181A70FB6954
:1086B0001B78002B05D00B23FB181B785BB2002B1B
:1086C000D4DC7B68BA691A60002302E0C04601234B
:1086D0005B421800BD4608B080BD80B586B000AFD3
:1086E000F860B9607A6001235B427B61FB681B78AC
:1086F000002B1ED1FB6800221A717B6899B2FB68BF
:108700001A1DBB681800FFF7A7FE03007B617B6999
:10871000002B10DBFB681B79002B0CD0FB680433AB
:108720001821180002F081FA03009AB2FB685A80FF
:1087300001E0C04600E0C0467B691800BD4606B0B7
:1087400080BD0000F0B595B000AFD64BD64A03CA45
:1087500003C3D44BD54A083303CA03C3D14BD44A0D
:10876000103303CA03C3CF4B00221A76CD4BD14A34
:108770001C3303CA03C3CB4BCF4A243303CA03C3FE
:10878000C84BCE4A2C3303CA03C3C64B3422002144
:108790009954CB4BCB4A03CA03C3C94BCA4A0833CB
:1087A00003CA03C3C64BC94A103303CA03C3C44B2D
:1087B00000221A76C24BC64A1C3303CA03C3C04BFD
:1087C000C44A243303CA03C3BD4BC34A2C3303CA70
:1087D00003C3BB4B342200219954F8F7F1F800F0A1
:1087E00035FB00F035FC00F085FB00F013FC00F0D9
:1087F000E1FB00F079FB00F0BBFBB84BB84A1A6014
:10880000B64BC82252009A80B64B1800F7F738FDD5
:10881000B44B1800F7F75AFD03001A000123534028
:10882000DBB2002B1FD00023FB6072B6C046F8F706
:10883000D9FC3B0000221A60A84B1B681A003B00C1
:108840005A603B0001229A600C23FA183B00110089
:108850001800F8F787FDF8F7EBFC62B6C046A14BAD
:108860001800FDF783F94F23FB1800221A700FE060
:108870004F203B181A783B181B789A498A18117AAE
:108880001022BA18D1543B183A18127801321A70D3
:108890004F243B191B78012BEAD91023FB18022126
:1088A000180001F04FFA904B1B68904A1100180015
:1088B000FFF712FA8C4B1B681800FFF7E2F98C4A9D
:1088C0008C4B11001800FDF79BF9C820F8F7DCF875
:1088D0003B1905221A7016E04F243B191B7818002B
:1088E000FCF7ECFB03001A003B191B78DB43DBB2FF
:1088F0009A420ED0C0463220F8F7C6F83B193A1912
:10890000127801321A704F23FB181B78FF2BE3D12A
:1089100000E0C04600F072FCF8F7ACF80200764BBD
:108920001A60764B1B78DBB2002B0BD0744B1B7894
:10893000DBB201225340DBB2002B03D06F4B00228D
:108940001A70E7E76E4B1B78DBB2002B08D06D4B3B
:108950005B7EDBB2002B03D06A4B1800FEF7B2FA45
:10896000F8F788F80300BB630023BB6427E0BB6C07
:10897000A4225A43644BD3187B617B69A0229B5885
:10898000BA6BD21AFA23DB019A4215D37B691B79A1
:10899000002B11D0BB6CDBB20133DBB21800FEF749
:1089A00095FC7B691800FDF7CFFCBB6CDBB2013393
:1089B000DBB21800FCF70AFFBB6C0133BB64BB6C75
:1089C000062BD4DD4F23FB1801221A702DE04F2116
:1089D0007B181B78013BA4225A434B4BD318BB6135
:1089E000BB698E229B5C032B19D1464BDB7EDBB22D
:1089F0001A007B181B781A411300012213400ED075
:108A00000C007B181B781800FCF7E0FE3B191B7864
:108A10001800FEF75BFCBB691800FDF795FC4F22C0
:108A2000BB18BA18127801321A704F23FB181B7842
:108A3000072BCCD9354B1B78002B04D1344B1B882A
:108A4000002B00D11FE1314B1B78002B00D189E0B6
:108A50004F23FB1801221A707BE04F217B181B78F3
:108A6000A4225343A43B1A00274BD3187B63254B06
:108A70001B7EDBB21A007B181B78DA401300012240
:108A8000134047D17B181B7801229A4013009BB2F8
:108A9000DB439BB21E4A128813409AB21C4B1A80C9
:108AA00051E0C046C419002040B2000848B2000896
:108AB00050B2000858B2000860B2000868B200085E
:108AC000EC1A002070B2000878B2000880B20008EA
:108AD00088B2000890B2000898B200080000002098
:108AE00000F000086C13002080060020A0B20008EF
:108AF00000C0000800140020D4100020CA1000207C
:108B0000CC10002010000020C0080020CF10002052
:108B1000D01000207B6B1B79022B07D04F23FB1852
:108B20001B78B94AD3181B7C022B0CD14F23FB189E
:108B30001B7801229A4013009AB2B44B1B8813434E
:108B40009AB2B24B1A804F22BB18BA18127801326F
:108B50001A704F23FB181B78072B00D87DE7AC4B0E
:108B600000221A704F23FB1801221A7082E0A74BD3
:108B70001B881A004F217B181B78DA401300012252
:108B8000134070D000237B6442243B1900221A80DA
:108B90009D4BDB7EDBB21A007B181B78DA4013009A
:108BA0000122134060D07B181B78A4225343A43BBE
:108BB0001A00984BD3183B633B6B1B79022B18D1DF
:108BC000954B1800FDF75EF90300FB62924B934A48
:108BD00093488021FDF7AEFF0300BB62BB6A904A59
:108BE0008D48802101F01CFD02003B191A808A4B40
:108BF0007B6442243B191B88002B11D03B191A8837
:108C00004F23FB181B7811001800FCF765FC3B197B
:108C10001A887B6C11001800FCF784FCFCF7A8FC98
:108C2000794BDB7EDBB25BB24F203A181278012120
:108C300091400A0052B2D24352B213405BB2DAB250
:108C4000714BDA763B181B7801229A4013001BB255
:108C5000DB431BB26D4A128812B213401BB29AB2A8
:108C60006A4B1A8000E0C0464F22BB18BA1812782F
:108C700001321A704F23FB181B78072B00D876E7B8
:108C800001E000F031FB9023DB0502211800F8F72A
:108C900085FD031EF5D0634B1B688022520062499C
:108CA0001800FFF7F1F803007B627B6A002B15DDEB
:108CB0007A6A5D495D4B1800FFF70FFD031E0DDB5F
:108CC0005A4B5B889BB2002B08D0564B1868574B09
:108CD0005B889AB2564B1900FFF784F8F7F7CAFE83
:108CE00003003B62534B1B683A6AD31A524A9342C1
:108CF0000DD9524B1B78002B09D0514B1800F7F7B8
:108D0000CFFA4E4B00221A704A4B3A6A1A6041233E
:108D1000FB1801221A704023FB1800221A704AE047
:108D20003F23FB1800221A7032E040243B191A78C6
:108D30003F26BB191B784349D8001300DB009B1A60
:108D40009B00C3185D583B191A78BB191B783D4925
:108D5000D8001300DB009B1A9B00C318CB18043308
:108D60001B881F26BC1919002800F8F717FD0300FF
:108D70002370BB191B78002B04D04123FB18002261
:108D80001A700AE03F22BB18BA18127801321A7022
:108D90003F23FB181B78022BC7D94123FB181B78F4
:108DA00001225340DBB2002B0BD14022BB18BA1872
:108DB000127801321A704023FB181B78012BAFD9AF
:108DC00000E0C046204B1B785BB2002B08DA412341
:108DD000FB181B78002B03D0012001F0EFF811E005
:108DE000194B1B785BB2002B00DA9AE54123FB1884
:108DF0001B7801225340DBB2002B00D191E500200B
:108E000001F0DCF88DE5C04610000020D0100020F5
:108E1000CF100020C0080020D8100020ACB00008FF
:108E20005811002080060020D8110020541900207D
:108E300058190020D4100020B70B0000C4060020F1
:108E40006C130020EC1A00209C06002090B591B015
:108E500000AF10243B19180030231A00002101F044
:108E600058FE3B00180010231A00002101F051FEAB
:108E700021007B180A221A607B180122DA607B1815
:108E800010221A617B180122DA617B1802221A6211
:108E90007B1800225A627B18A02292039A627B18E8
:108EA0000022DA627B181800F8F7B2FC031E01D02A
:108EB00001F0DEF93B0007221A603B0002225A60F3
:108EC0003B0000229A603B008022D200DA603B0027
:108ED00001211800F8F7B6FF031E01D001F0C8F910
:108EE000C046BD4611B090BD80B500AFC046BD467E
:108EF00080BD000080B500AF1B4B1C4A1A601A4BA6
:108F0000822252005A60184B00229A60164BE022CF
:108F1000D200DA60144B02221A61134B01225A610B
:108F2000114B802292009A610F4B0022DA610E4BA6
:108F300000221A620C4B00225A620B4B00229A62EA
:108F4000094B0722DA62084B00221A63064B002203
:108F50005A63054B1800F9F7B9F8031E01D001F068
:108F600087F9C046BD4680BD881A00200030014008
:108F700080B500AF0D4B0E4A1A600C4BFA229201DD
:108F80005A600A4B00229A60084BFA229200DA607B
:108F9000064B80229A61054B1800FAF7D3F8031E9E
:108FA00001D001F065F9C046BD4680BD401A0020E1
:108FB0000010004080B500AF144B154A1A60134BE7
:108FC000962292015A60114B00229A600F4B0022A8
:108FD000DA600E4B00221A610C4B0C225A610B4BCB
:108FE00000229A61094B0022DA61084B00221A62C2
:108FF000064B00225A62054B1800FAF70FFB031EBE
:1090000001D001F035F9C046BD4680BD241B0020CB
:109010000044004080B582B000AF0C4B5A690B4B46
:1090200001210A435A61094B5B69012213407B60AD
:109030007B68002201210B20F7F7F6FD0B20F7F7E4
:1090400008FEC046BD4602B080BDC04600100240CA
:1090500090B589B000AF0C243B19180014231A00F6
:10906000002101F056FD604B5A695F4B8021C90316
:109070000A435A615C4B5A698023DB031340BB608F
:10908000BB68594B5A69584B802189020A435A617F
:10909000554B5A6980239B0213407B607B68524B7F
:1090A0005A69514B8021C9020A435A614E4B5A6991
:1090B0008023DB0213403B603B684C499023DB0577
:1090C00001221800F8F787FB49494A4B0122180092
:1090D000F8F781FB80231B01464800221900F8F7AE
:1090E0007AFB3B1903221A603B1900225A603B1994
:1090F00000229A603B19404A19001000F8F7DEF987
:109100003B1902221A603B19842292035A603B19D0
:1091100001229A603A199023DB0511001800F8F734
:10912000CDF93B19314A1A603B1911225A603B199B
:1091300001229A603B190022DA603A199023DB057C
:1091400011001800F8F7BAF93B19294A1A603B19BF
:1091500011225A603B1901229A603B190022DA6001
:109160003B19244A19001000F8F7A8F921007B18D0
:10917000802212011A600C003B1901225A603B192F
:1091800000229A603B190022DA603B19194A190043
:109190001000F8F793F921007B18802212021A6060
:1091A0000C003B1900225A603B1901229A603B19BE
:1091B000104A19001000F8F781F921007B18C0222D
:1091C00092001A607B1800225A607B1801229A6074
:1091D0007A189023DB0511001800F8F76FF9C046E4
:1091E000BD4609B090BDC04600100240109C000072
:1091F00018740000000400480014004880B582B0D4
:1092000000AF314B00221A70304B00225A762F4BA0
:10921000FF229A762D4BFF22DA762C4B00221A760B
:10922000FB1D00221A7012E0FB1D1B78274AD31881
:1092300003221A74FB1D1A78254B6A21595A234BB5
:109240005200D152FB1D1A78FB1D01321A70FB1D12
:109250001B78062BE8D9FB1D07221A70FB1D1B7813
:109260001A4AD31801221A74FB1D1A78184B6E2162
:10927000595A164B5200D152FBF70EFF6420F7F7F4
:1092800003FC144B1800FBF7A7FFFBF7F7FD124B8D
:1092900018680F4B6A22995A0D4B6C229B5A1A0080
:1092A000FBF71EFE03001A00074B1A700B4B00223F
:1092B0001A700B4B00221A700A4B00221A70C0461B
:1092C000BD4602B080BDC046CC100020100000207A
:1092D0006C130020C4100020AC100020CA10002025
:1092E000CB100020CD100020F0B59FB000AF70254E
:1092F0007C19FCF7C5FB030023807B191B88012226
:10930000134037D040243B191800FBF791FF210090
:109310007B18DB781B021AB27B189B781BB21343B5
:109320001AB26823FB181A806F23FB1801221A70E7
:109330001BE06F23FB181B78A4225343A43B1A00A5
:10934000CD4BD3187B667B6E46229B5A6822BA1897
:1093500012889A4203D17B6E1800FCF7F5FF6F224A
:10936000BB18BA18127801321A706F23FB181B78D9
:10937000072BDED97023FB181B88082213402AD044
:10938000FCF7C8FA031E23D1BC4B01221A70BB4B59
:109390001B78DBB2002B1ED02C243B191800FCF7E5
:1093A000D5FAB74B3A1912681A603B190433B54A1B
:1093B0001000190004231A0001F0A2FB3B19083326
:1093C000B14A1000190004231A0001F099FB02E0D1
:1093D000AA4B00221A707023FB181B88042213402A
:1093E00017D063257C19FBF78DFE030023707B19D2
:1093F0001B78012B06D1A54B00221A70A44B012229
:109400001A7007E0A14B01221A70A14B00221A70BA
:1094100000E0C04670217B187A18128812091A8061
:109420007B181B88002B01D100F01BFC7323FB1859
:1094300001221A7000F008FC70217B187A1812883B
:1094400052081A807B181B880122134001D100F0BA
:10945000F5FB62257C197326BB191B781800FCF7F5
:10946000F5F9030023707B191B78012213400ED0FD
:10947000884BDB7EDBB25AB2BB191B7801219940C5
:109480000B005BB213435BB2DAB2824BDA76622333
:10949000FB181B780422134000D159E37B4B0122B7
:1094A0001A707326BB191B78A4225343A43B1A00DD
:1094B000714BD318FB65FB6D1800FCF797FF6C250B
:1094C0007C19BB191B781800FCF762F80300238095
:1094D0007B191B88704A934204D97B196F4A1A8002
:1094E0006E4B02E06C23FB181B886D4973243A19FC
:1094F00010780A001900FCF797F86C23FB181B88FA
:10950000644AD31800221A773B191B78614AD31892
:109510001B7C032B08D000DD0DE3012B00D13DE2C5
:10952000022B00D1CDE106E3FB6D1B79002B04D1AA
:10953000FB6D1800FCF708FF03E0FB6D1800FCF75B
:1095400033FFFB6D7322BA188D2112785A546B24A5
:109550003B1900221A706C23FB181A885149504B92
:10956000180001F06DFB031E03D03B1900221A7096
:1095700008E06C23FB181B88002B03D06B23FB181F
:1095800001221A70FB6D1B79022B04D1FB6D8E2218
:109590009B5C012B05D06B23FB181B78012B00D0A3
:1095A00068E16C23FB181988FB6D90331A003C4B63
:1095B000180000F047FF031E00DC11E1FB6D1B7972
:1095C000022B04D1FB6D8E229B5C012B06D0FB6D20
:1095D00002221A71FB6D8E2201219954FB6D8C229F
:1095E00001219954FB6D91229B5C092B00D1A7E0CE
:1095F00000DDD3E0012B03D0082B00D1B4E0CDE097
:10960000FB6D98229A58FF235B009A4200D9C4E070
:10961000FB6D80229858FB6D94229958FB6D98221F
:109620009B581A0001F06CFAFB6D80229A58FB6D72
:1096300098215B58D31800221A70FB6D802298582D
:10964000FB6D98229958FB6D9C331A0000F07EFF49
:10965000FB6D80229858FB6D98229A58124B190086
:1096600001F0EEFA031E23D0104AFB6D0021180012
:10967000FDF7BEFA91E0C046C0080020CD100020E2
:10968000AC100020C010002098060020CC10002054
:10969000CA10002010000020FE050000FF05000099
:1096A0002C000020B8B00008C0B00008C8B0000806
:1096B000FB6D80229B58FB64B14A4C23FB181100C0
:1096C0001800FDF761FE0300BB65BB6D002B64D085
:1096D0004823FA18AB49BB6D180001F016FB0300D4
:1096E0007B6729E0C046A8497B6F0322180001F080
:1096F00077FA031E08D1FB6D581D7B6F043340229F
:10970000190001F07EFA0EE0FB6D48229B5C5A1CAA
:10971000D0B2FA6D48215054FA6D12339B00D31821
:1097200004337A6F1A604823FA18964B1900002008
:1097300001F0EBFA03007B677B6F002BD2D12CE0AA
:10974000FB6D80229B58180000F02EFF030099B299
:10975000FB6D7E229952FB6D842200219952FB6D94
:109760007C220121995419E0FB6D80229B58012134
:10977000180000F029FF030099B2FB6D7E22995278
:10978000FB6D842200219952FB6D7C2201219954AA
:10979000FB6D8E220221995400E0C046FB6D8C22A5
:1097A0009B5C002B00D18AE0784B5B7EDBB25AB227
:1097B00073203B181B78012199400B005BB21343C7
:1097C0005BB2DAB2714B5A76704B9B7E5BB2002B68
:1097D00000DB74E03B1800229A566C4B9A766EE0E0
:1097E0006C23FB181A886A496A4B1800FEF775FF4C
:1097F000031E64DB674B5B889BB2002B5FD0FB6D65
:109800008C2201219954FB6D80229858614B5B8812
:109810009BB21A00604B190001F0F3F95D4B5B88B5
:1098200099B2FB6D7E229952FB6D842200219952E0
:10983000FB6D7C2201219954544B5B7EDBB25AB202
:1098400073203B181B78012199400B005BB2134336
:109850005BB2DAB24D4B5A764C4B9B7E5BB2002B1F
:1098600004DA3B1800229A56484B9A76494B00225C
:109870005A8024E0464AFB6D11001800FDF7B4FD44
:10988000031E00D159E1414B5B7EDBB25AB273201B
:109890003B181B78012199400B005BB213435BB26C
:1098A000DAB23A4B5A76394B9B7E5BB2002B00DB27
:1098B00043E13B1800229A56344B9A763DE1C0466C
:1098C0003BE1FB6D1B79002B04D1FB6D1800FCF70D
:1098D0003BFD03E0FB6D1800FCF766FDFB6D732498
:1098E0003A198D2112785A546C23FB181A8828498A
:1098F000284B1800FEF7F1FE031E00DA1FE1254B8E
:109900005B889BB2002B00D119E1FB6D8C220121F9
:109910009954FB6D802298581E4B5B889BB21A00AD
:109920001D4B190001F06DF91A4B5B8899B2FB6D64
:109930007E229952FB6D842200219952FB6D7C227C
:1099400001219954114B5B7EDBB25AB23B191B7853
:10995000012199400B005BB213435BB2DAB20B4BAF
:109960005A760A4B9B7E5BB2002B04DA3B1900222D
:109970009A56064B9A76074B00225A80DFE0C04683
:10998000D0B00008D4B00008D8B000081000002003
:109990002C0000205419002058190020FB6D1800DD
:1099A000FCF7D2FCFB6D73243A198D2112785A54BE
:1099B0006C23FB181B88082B00D8C2E056257B19A6
:1099C00000221A80AA4B5B7F9BB21B0299B2A84B64
:1099D0001B7F9AB27B190A431A80A54BDB7F9BB28F
:1099E0001B0299B2A24B9B7F9AB25423FB180A43E5
:1099F0001A80A04B2822BA181000190004231A005C
:109A000001F07EF87B191B88083B272B00D898E0D3
:109A1000994B9A492822180001F0E2F8031E00D061
:109A20008FE0FB6D8C22012199543B00944A1A600F
:109A30003B00944A5A603B00934A9A60934B6A22D7
:109A40009A5A3B009A813B00914A1A618F4B6A22D5
:109A50009A5A3B009A823B008B4A9A613B00032250
:109A60001A773B00E12252021A623B0024220321B2
:109A70009954FB6D80229A583B0011001800FAF7A8
:109A8000C2FF02007B191A80FB6D7A197E211288B1
:109A90005A52FB6D842200219952FB6D7C220121D8
:109AA0009954734B1B7EDBB25AB23B191B780121D0
:109AB00099400B005BB213435BB2DAB26C4B1A767F
:109AC0006B4BDB7EDBB25AB23B191B78012199400C
:109AD0000B005BB213435BB2DAB2654BDA76644BD0
:109AE0005B7EDBB25AB23B191B78012199400B0017
:109AF0005BB213435BB2DAB25D4B5A765C4B9B7E32
:109B00005BB2002B04DA3B1900229A56584B9A7626
:109B10002823FA1873243B191B7811001800FBF74F
:109B2000B3FB5423FB181A883B191B78110018004B
:109B3000FBF708FC05E0C04604E0C04602E0C04672
:109B400000E0C0467323FB181B781800FBF750FD9C
:109B50006223FB181B78082213401ED0444B1B7E47
:109B6000DBB25AB273203B181B78012199400B00DD
:109B70005BB213435BB2DAB23D4B1A763C4BDB7EF1
:109B8000DBB25AB23B181B78012199400B005BB243
:109B900013435BB2DAB2364BDA766223FB181B78DA
:109BA000102213404AD0324B1B7EDBB25BB27320D3
:109BB0003A181278012191400A0052B2D24352B2AF
:109BC00013405BB2DAB22A4B1A76294B5B7EDBB2CA
:109BD0005BB23A181278012191400A0052B2D24386
:109BE00052B213405BB2DAB2214B5A76204BDB7E85
:109BF000DBB25AB23B181B78012199400B005BB2D3
:109C000013435BB2DAB21A4BDA76194B9B7E5BB226
:109C10001A003B181B789A4202D1154BFF229A7604
:109C20007323FB181B78A4225343A43B1A00194B3F
:109C3000D3183B653B6D1800FCF786FB7322BB18FD
:109C4000BA18127801321A707323FB181B78072B8D
:109C500009D87023FB181B88002B01D0FFF7ECFB01
:109C600001E0C04600E0C046C046BD461FB0F0BDA2
:109C700010000020300000203400002068B10008EF
:109C8000C410002098060020C01000206C13002093
:109C9000AC100020C008002080B586B000AF78600E
:109CA0000A00FB1C1A701723FB1800221A700023ED
:109CB0003B610F23FB1800221A7032E00F203B1883
:109CC0001B787A68D2180E217B1812781A707B18CC
:109CD0001B78FF2B0BD13B181A7879181848130002
:109CE000DB009B1A9B00C31818331B780B700E23E4
:109CF000FB181B7801229A401300BB603B69BA68CD
:109D0000134004D01723FB1801221A7010E03A699F
:109D1000BB6813433B610F22BB18BA18127801329B
:109D20001A700F23FA18FB1C12781B789A42C5D3BD
:109D30001723FB181B781800BD4606B080BDC0462F
:109D4000C4190020F0B587B000AF78600A00FB1C92
:109D50001A7017243B1900221A70FB1C1A787B68B2
:109D600011001800FFF798FF031E03D03B19FF22D4
:109D70001A70A0E01623FB1800221A708DE07B6891
:109D8000002B09D01623FB181B787A68D2181523EC
:109D9000FB1812781A700DE01623FB181A78152399
:109DA000F91849481300DB009B1A9B00C3181833AD
:109DB0001B780B7015203B181B78FF2B67D01624DF
:109DC0003B191A7840491300DB009B1A9B00CB1803
:109DD00018333A1812781A703B191A783A49130056
:109DE000DB009B1A9B00CB1818331A781323FB183F
:109DF000D2431A701423FB1800221A7029E016238C
:109E0000FB181A7814257B191B780826BC192E49D3
:109E1000D8001300DB009B1A9B00C3182200CB184C
:109E200003CB03C2BB191868BB1999881323FB180D
:109E30001A787B191B781A411300DBB201221340F8
:109E4000DBB21A00F7F7C7FC7B197A1912780132D6
:109E50001A701423FB181B78022BD0D97B68002BB7
:109E600015D016217B181A787B181978164813001C
:109E7000DB009B1A9B00C31818331A78134B5B182E
:109E80001A72134B01221A70124B01221A701622F9
:109E9000BB18BA18127801321A70FB1C1B78DAB2A0
:109EA000022A00D90223DBB21622BA1812789A428B
:109EB00000D264E7C0461723FB181B785BB218007A
:109EC000BD4607B0F0BDC046C41900206C13002089
:109ED000C4060020CF100020F0B585B000AF786038
:109EE0000A00FB1C1A700F23FB1800221A7052E0A4
:109EF0000E23FB1800221A700D23FB1800221A7083
:109F000036E00F26BB191A780D257B191B782A49D4
:109F1000D8001300DB009B1A9B00C3185C58BB19C8
:109F20001A787B191B782449D8001300DB009B1A90
:109F30009B00C318CB1804331B8819002000F7F7C7
:109F40002DFC03005A425341DBB21A007B191B78E7
:109F50009A4013005AB20E217B181B785BB2134350
:109F60005AB27B181A707B197A19127801321A705A
:109F70000D23FB181B78022BC3D90F217B181B78EC
:109F80007A68D3180E22BA1812781A707B187A18C9
:109F9000127801321A70FB1C1B78DAB2022A00D93F
:109FA0000223DBB20F22BA1812789A42A0D3C0461D
:109FB000C046BD4605B0F0BDEC1A002090B585B096
:109FC00000AF0200FB1D1A70FB1D1B78002B4BD04D
:109FD0002D4B00221A700F243B19F1221A702B4BC3
:109FE00018682A4B99883B191B7801221340DBB271
:109FF0001A00F7F7F0FB254B9868244B99893B1919
:10A000001B785B08DBB201221340DBB21A00F7F7C2
:10A01000E2FB1E4B18691D4B998A3B191B789B0864
:10A02000DBB201221340DBB21A00F7F7D4FB174B67
:10A03000D869164B198C3B191B78DB08DBB201225F
:10A040001340DBB21A00F7F7C6FB114A114B11009F
:10A050001800FDF749FD03001A000F4B1A700F4B53
:10A060001800F9F7BFF80AE00C4B1800F9F706F9E9
:10A07000054BFF221A7002210020FFF763FEC04645
:10A08000BD4605B090BDC0469C060020C419002006
:10A09000AC100020B0100020CE100020401A00208C
:10A0A00090B585B000AF78607A686C4B9A4200D06A
:10A0B000D1E06B4B1B785BB2002B04DA7B68180095
:10A0C000F9F7DCF8C7E0664B1B785BB21A00654B0A
:10A0D0001B789A426CDA624B1B785BB219000E2037
:10A0E0003B18614A525C1A700200BB181B782F2B78
:10A0F0000FD9BB181B78392B0BD80F217B18BA1836
:10A100001278303A1A707B187A181278D2431A7083
:10A110000DE00E23FB181B782E2B04D10F23FB1808
:10A12000F0221A7003E00F23FB18F1221A704F4B34
:10A1300018684E4B99880F243B191B780122134055
:10A14000DBB21A00F7F747FB484B9868474B9989F1
:10A150003B191B785B08DBB201221340DBB21A000B
:10A16000F7F739FB414B1869404B998A3B191B782B
:10A170009B08DBB201221340DBB21A00F7F72BFB7E
:10A180003A4BD869394B198C3B191B78DB08DBB289
:10A1900001221340DBB21A00F7F71DFB304B1B788E
:10A1A0005BB2DBB20133DBB25AB22D4B1A7052E014
:10A1B0002C4B1B7802332A4A127852B2934243DB6B
:10A1C0000F243B19F1221A70284B1868274B9988E5
:10A1D0003B191B7801221340DBB21A00F7F7FBFA98
:10A1E000224B9868214B99893B191B785B08DBB29D
:10A1F00001221340DBB21A00F7F7EDFA1B4B186986
:10A200001A4B998A3B191B789B08DBB20122134039
:10A21000DBB21A00F7F7DFFA144BD869134B198C2D
:10A220003B191B78DB08DBB201221340DBB21A00BA
:10A23000F7F7D1FA0A4B1B785BB2DBB20133DBB222
:10A240005AB2074B1A7006E0054BFF221A707B6862
:10A250001800F9F713F8BD4605B090BD401A00206C
:10A260009C060020CE100020B0100020C419002051
:10A2700080B500AFC046BD4680BD80B582B000AF9E
:10A2800078607B68023303211800F5F74FFF030065
:10A2900001339B001800BD4602B080BD80B59AB066
:10A2A00000AFF860B9607A603B6000237B660023F2
:10A2B0003B661423FA18454B1000190041231A007D
:10A2C00000F01EFCBB681800FFF7D7FF0300FB651A
:10A2D000FA6D3B689A4202D301235B4271E000238E
:10A2E0007B6664E0FA687B6ED3181B781A047B6E79
:10A2F0000133B968994206D97B6E0133F968CB18EE
:10A300001B781B0200E0002313437A6E0232B96807
:10A31000914205D97A6E0232F9688A18127800E003
:10A3200000221343BB65BB6D9B0C3F221A403B6E62
:10A33000591C39667968CB18142039188A5C1A7050
:10A34000BB6D1B0B3F221A403B6E591C3966796866
:10A35000CB1839188A5C1A707B6E0133BA689A423E
:10A3600006D9BB6D9B093F2213403A18D15C00E02F
:10A370003D213B6E5A1C3A667A68D3180A1C1A7043
:10A380007B6E0233BA689A4206D9BB6D3F221340F6
:10A390001422BA18D15C00E03D213B6E5A1C3A668B
:10A3A0007A68D3180A1C1A707B6E03337B667A6E48
:10A3B000BB689A4296D37A683B6ED31800221A7013
:10A3C0003B6E1800BD461AB080BDC046DCB0000828
:10A3D00090B59DB000AFF860B9607A603B60BA6834
:10A3E000F968154B180000F00CFCBA68124BD01835
:10A3F000BB688022D21A114B190000F002FC142411
:10A400003B191800F6F7EEF80B4B1800F5F786FE2F
:10A4100002000B4B08493819F6F7BBFA3B687A681B
:10A4200007481421FFF73AFF0300FB66FB6E180094
:10A43000BD461DB090BDC046D812002020B1000816
:10A440005813002080B586B000AFF860B9607A601C
:10A45000FA68BB68D3183B61FB687B617A693B692A
:10A460009A4214D27B691B78DB09DAB27B681A70D6
:10A470007B691B780F221340DAB27B685A707B69C4
:10A4800001337B617A693B699A4210D202E0012371
:10A490005B4257E07B691B78DB09DAB27B689A7014
:10A4A0007B691B781A007F231A407B689A607B695E
:10A4B00001337B617B689B687E2B15D17B690133FF
:10A4C0003A699A420DD97B691B781B027A6901327D
:10A4D000127813431A007B689A607B6902337B61B0
:10A4E00009E001235B422DE07B689B687F2B02D152
:10A4F00001235B4226E07B689B78002B12D07B69AE
:10A5000004333A699A420AD37B680C33796904228E
:10A51000180000F0F5FA7B6904337B6102E0012347
:10A520005B420FE07B687A695A607B689B687A6956
:10A53000D3183A699A4202D201235B4202E07A6957
:10A54000FB68D31A1800BD4606B080BD80B586B042
:10A5500000AFF860B9607A6000237B6119E07B6925
:10A56000FA68D31819787B690E4A134004D5013B69
:10A5700004225242134301331A007B689B181A7855
:10A580007B69F868C3184A40D2B21A707B690133FC
:10A590007B617B69BA689A42E1D8C046C046BD4635
:10A5A00006B080BD0300008080B582B000AF786047
:10A5B0007B688A221A707B68013300221A7002239A
:10A5C0001800BD4602B080BD80B582B000AF786093
:10A5D0000A00FB1C1A707B6888221A707B680133A2
:10A5E00002221A707B68023303221A70FB1C1B784C
:10A5F000002B02D0012B05D009E07B680333EB224E
:10A600001A7008E07B680333EE221A7003E07B685F
:10A610000333EB221A7004231800BD4602B080BD3C
:10A6200080B586B000AFF860B9607A603B603B6887
:10A630000533BA689A4202D201235B4232E0FB68DA
:10A640007B617B695A1C7A6181221A703B687D2B81
:10A6500006D87B695A1C7A613A68D2B21A7010E047
:10A660007B697E221A703B681A0A7B690133D2B279
:10A670001A707B6902333A68D2B21A707B6903336D
:10A680007B613A6879687B69180000F039FA7A6969
:10A690003B68D31800221A707A69FB68D31A1A0033
:10A6A0003B68D3181800BD4606B080BD80B582B0A7
:10A6B00000AF0F4B9A690E4B01210A439A610C4B74
:10A6C0009B69012213407B607B68094BDA69084B68
:10A6D000802149050A43DA61054BDA6980235B056D
:10A6E00013403B603B68C046BD4602B080BDC046DB
:10A6F0000010024090B58BB000AF786014243B1975
:10A70000180014231A00002100F003FA7B681B686C
:10A71000204A93423AD1204B9A691F4B802149012C
:10A720000A439A611C4B9A6980235B0113403B6189
:10A730003B69194B5A69184B802189020A435A61B7
:10A74000154B5A6980239B021340FB60FB68210074
:10A750007B18E0221A607B1802225A607B180122C3
:10A760009A607B180322DA607B1800221A617A183B
:10A770009023DB0511001800F6F7A0FE002200214F
:10A780001920F6F751FA1920F6F763FAC046BD46CC
:10A790000BB090BD003001400010024080B584B085
:10A7A00000AF78607B681B680D4A934213D10D4B54
:10A7B000DA690C4B10210A43DA610A4BDB6910227B
:10A7C0001340FB60FB68002200211120F6F72CFAF1
:10A7D0001120F6F73EFAC046BD4604B080BDC04623
:10A7E000001000400010024090B58BB000AF7860C0
:10A7F00014243B19180014231A00002100F089F9D1
:10A800007B681B68474A934200D087E0464BDA6971
:10A81000454B802189020A43DA61434BDA69802380
:10A820009B0213403B613B693F4B5A693E4B802181
:10A8300089020A435A613C4B5A6980239B021340A8
:10A84000FB60FB6821007B180C221A607B18022237
:10A850005A607B1801229A607B180322DA607B1809
:10A8600001221A617A189023DB0511001800F6F70F
:10A8700025FE2E4B2E4A1A602C4B00225A602B4B81
:10A8800000229A60294B8022DA60284B00221A614C
:10A89000264B00225A61254B00229A61234B8022CD
:10A8A0005201DA61214B1800F6F7F0F9031E01D0CE
:10A8B000FFF7DEFC7B681D4A5A671C4B7A685A62B8
:10A8C0001C4B1D4A1A601B4B10225A60194B002268
:10A8D0009A60184B8022DA60164B00221A61154BE1
:10A8E00000225A61134B00229A61124B0022DA6156
:10A8F000104B1800F6F7CAF9031E01D0FFF7B8FC99
:10A900007B680C4A1A670B4B7A685A620022012155
:10A910001C20F6F789F91C20F6F79BF9C046BD46C6
:10A920000BB090BD004400400010024070190020A0
:10A9300058000240FC1900204400024080B500AFDE
:10A94000C046BD4680BD80B500AFFEE780B500AF14
:10A95000C046BD4680BD80B500AFC046BD4680BD87
:10A9600080B500AFF6F774F8C046BD4680BD000064
:10A9700080B500AF054B1800F6F7B3FA044B18008A
:10A98000F6F7AFFAC046BD4680BDC046FC190020B0
:10A990007019002080B500AF034B1800F8F79CFC3D
:10A9A000C046BD4680BDC046401A002080B500AFFD
:10A9B000034B1800F8F7D6F8C046BD4680BDC04628
:10A9C000881A002080B500AF034B1800F8F70AFF83
:10A9D000C046BD4680BDC046241B002080B500AFE8
:10A9E0001A4B1A68194B01210A431A60174B5A680F
:10A9F000164B17490A405A60144B1A68134B1549F5
:10AA00000A401A60114B1A68104B13490A401A6029
:10AA10000E4B5A680D4B11490A405A600B4BDA6ACB
:10AA20000A4B0F218A43DA62084B1A6B074B0C4919
:10AA30000A401A63054B5A6B044B01218A435A633F
:10AA4000024B00229A60C046BD4680BD0010024005
:10AA50000CB8FF08FFFFF6FEFFFFFBFFFFFFC0FF84
:10AA6000ECFEFFFF0D4885460D480E490E4A0023B7
:10AA700002E0D458C4500433C4188C42F9D30B4AB2
:10AA80000B4C002301E013600432A242FBD3FFF71A
:10AA9000A5FF00F011F8FDF755FEFEE700200020AD
:10AAA00000000020A4060020D4B20008A806002060
:10AAB000AC1B0020FEE7000070B500260C4D0D4CCD
:10AAC000641BA410A64209D1002600F047F90A4DE4
:10AAD0000A4C641BA410A64205D170BDB300EB580C
:10AAE00098470136EEE7B300EB5898470136F2E796
:10AAF000CCB20008CCB20008CCB20008D0B200083A
:10AB0000002310B59A4200D110BDCC5CC45401336F
:10AB1000F8E703008218934200D17047197001339F
:10AB2000F9E7020010B5137814000132002BFAD1B6
:10AB3000CA5CE2540133002AFAD110BDC9B20378CD
:10AB4000002B04D08B4200D170470130F7E74B4215
:10AB5000594149420840F7E703000A7801311A7069
:10AB60000133002AF9D17047F0B50500002A14D04E
:10AB7000501E012A1CD02C000A001600270036782F
:10AB800001320134130025003E70002E0DD0013833
:10AB90000028F2D100222A7000E00B001A000132D6
:10ABA000501E007813000028F9D1581A0138F0BD62
:10ABB0000B00EFE7030030B51C78002C08D1891892
:10ABC000002A04D055424D5D1D70002D02D130BDCC
:10ABD0000133F1E7012A00D15C700133013AEFE75C
:10ABE00030B50500101E0BD00024013A2B5D085D26
:10ABF000834204D1944202D00134002BF6D1181ABA
:10AC000030BD030030B51D00002A06D00C78013A93
:10AC100001332C700131002CF5D100219A18934298
:10AC200000D130BD19700133F9E7030041188B42A0
:10AC300001D1181A70471A78002AFAD00133F6E7C2
:10AC400070B50E000500110030001400FFF7EDFF95
:10AC50000300844205D8325C002A02D00024200080
:10AC600070BD21003200280000F05FF8041EF5D00E
:10AC7000421B0021280000F04DF80028EED1EEE73D
:10AC80000A7830B5002A0CD130BD9A4208D1012390
:10AC9000CC5C002CF8D0C55CA54201D10133F7E7AC
:10ACA00001300378002BF0D11800EDE7F0B5002853
:10ACB00002D11068002813D0040020000E0005788F
:10ACC00001343778002F04D1002D0FD128001560F2
:10ACD00006E00136BD42F4D1002BEED114600370C2
:10ACE000F0BD2F000FE00133002E04D1230001340A
:10ACF0001D7827000B001E78B542F4D1002DF0D04E
:10AD00000023013C23701760EAE710B50123FFF729
:10AD1000CDFF10BDC9B28218904201D1002070470A
:10AD200003788B42FBD00130F6E7F0B5002B0CD056
:10AD3000C91A15784118884201D9002005E0047825
:10AD4000AC4209D15C1E002C00D1F0BD075D165D40
:10AD5000B74201D1013CF6E70130ECE7F8B5C04657
:10AD6000F8BC08BC9E467047F8B5C046F8BC08BCA5
:04AD70009E46704744
:10AD74002F737069666C6173680000002F737069CB
:10AD8400666C6173682F6366672E62696E000000EB
:10AD9400424934574F50000073656C2E3100000057
:10ADA40073656C2E320000006C6162656C2E31009C
:10ADB4006C6162656C2E32006C6162656C2E3300CE
:10ADC4006C6162656C2E34006C6162656C2E3500BA
:10ADD4006C6162656C2E3600696E6465782E6874E9
:10ADE4006D6C0000726573706F6E73653D4F4B0D33
:10ADF4000A0000002F7377697463680072657370CA
:10AE04006F6E73653D496E76616C69640D0A00006E
:10AE140073656C313D0000002673656C323D0000A3
:10AE24000D0A00002F676574616C6C6F630000008D
:10AE340053746174757300002F73746174757300B7
:10AE440052657365740000002F72657365740000A9
:10AE54004261642061726773000000002F7365749F
:10AE64006C6162656C000000616E74002F6765742C
:10AE74006C6162656C0000002F736574706F72748E
:10AE840000000000706F72744854545000000000B9
:10AE9400426164204854545020706F7274206E755F
:10AEA4006D62657200000000706F727448545450F3
:10AEB4003D0000002F676574706F7274000000001D
:10AEC4002F0000002E68746D6C0000002E68746DF5
:10AED400000000002E637373000000002E6A7300EC
:10AEE4002E706E67000000002E6A7067000000007C
:10AEF4002E6A7065670000002E6769660000000016
:10AF04002E677A00204F4B0D0A000000436F6E6ECF
:10AF1400656374696F6E3A2000000000436C6F73C0
:10AF240065640D0A000000004B6565702D416C6975
:10AF340076650D0A00000000436F6E74656E742D13
:10AF4400456E636F64696E673A20677A69700D0AAB
:10AF540000000000436F6E74656E742D5479706543
:10AF64003A2000000D0A0000436F6E74656E742D64
:10AF74004C656E6774683A200000000020457272C8
:10AF84006F720D0A000000005552493D0000000098
:10AF940020537769746368696E672050726F746FA9
:10AFA400636F6C730D0A0000557067726164653AD3
:10AFB40020776562736F636B65740D0A000000008F
:10AFC400436F6E6E656374696F6E3A205570677275
:10AFD4006164650D0A0000005365632D5765625373
:10AFE4006F636B65742D4163636570743A20000070
:10AFF4000D0A0D0A000000004B6579204661696C5A
:10B0040065640000203330320000000020466F7574
:10B014006E640000436C6F73656400004B6565707B
:10B024002D416C6976650000300000004C6F63614F
:10B0340074696F6E3A2000004E6F7420466F756E0F
:10B04400643A2000485454502F00000026000000A9
:10B05400557067726164650075706772616465003C
:10B064004B656570000000006B65657000000000B2
:10B074005365632D576562536F636B65742D4B6520
:10B0840079000000415558004E414D450000000034
:10B094000D0000003F0000003F4155580000000033
:10B0A4003F4E414D450000002F676574616C6C6F25
:10B0B40063000000485454500000000070696E673B
:10B0C40000000000706F6E67000000000D0A0000B1
:10B0D4002600000055524900414243444546474832
:10B0E400494A4B4C4D4E4F50515253545556575854
:10B0F400595A6162636465666768696A6B6C6D6EF0
:10B104006F707172737475767778797A30313233FF
:10B114003435363738392B2F0000000032353845A6
:10B12400414641352D453931342D343744412D398B
:10B134003543412D43354142304443383542313162
:10B144000000000002030405060708090A0B0C0DA1
:10B154000E0F10100102030405060708090A0B0C60
:10B164000D0E0F1030313233343536373839303133
:10B174003233343536373839303132333435363783
:10B18400383930313233343536373839000000003D
:10B19400436F6E6E656374696F6E0000436F6F6B0F
:10B1A40069650000504F53540000000047455400A7
:10B1B4000D0A0000200000003A20000048545450BA
:10B1C4002F312E3100000000746578742F706C618B
:10B1D400696E0000746578742F68746D6C000000EB
:10B1E400746578742F637373000000006170706C71
:10B1F40069636174696F6E2F6A61766173637269E2
:10B2040070740000696D6167652F706E67000000DF
:10B21400696D6167652F6A7065670000696D6167B4
:10B22400652F67696600000085800008B980000802
:10B234006D81000881830008998200080004004899
:10B24400100000000004004808000000000000484E
:10B2540000800000000000480010000000000048CA
:10B26400000800000000004800040000000000483E
:10B274000002000000000048000100000004004833
:10B284000080000000040048004000000004004862
:10B29400002000000004004800100000241B0020CF
:10B2A4000004004800080000AC0E0020000200006A
:10B2B4000000000000000000010203040607080962
:08B2C400000000000102030478
:04B2CC00E90000088D
:04B2D000C1000008B1
:10B2D40000F0000800040000040000000100000069
:10B2E400000000000000000000000000000000005A
:10B2F4000000000000000000000000FF000000004B
:10B304000000000000000000000000000000000039
:10B314000000000000000000000000000000000029
:10B324000000000000000000000000000000000019
:10B334000000000000000000000000000000000009
:10B3440000000000000000000000000000000000F9
:10B3540000000000000000000000000000000000E9
:10B3640000000000000000000000000000000000D9
:10B3740000000000000000000000000000000000C9
:10B3840000000000000000000000000000000000B9
:10B3940000000000000000000000000000000000A9
:10B3A4000000000000000000000000000000000099
:10B3B4000000000000000000000000000000000089
:10B3C4000000000000000000000000000000000079
:10B3D4000000000000000000000000000000000069
:10B3E4000000000000000000000000000000000059
:10B3F4000000000000000000000000000000000049
:10B404000000000000000000000000000000000038
:10B414000000000000000000000000000000000028
:10B424000000000000000000000000000000000018
:10B434000000000000000000000000000000000008
:10B4440000000000000000000000000000000000F8
:10B4540000000000000000000000000000000000E8
:10B4640000000000000000000000000000000000D8
:10B4740000000000000000000000000000000000C8
:10B4840000000000000000000000000000000000B8
:10B4940000000000000000000000000000000000A8
:10B4A4000000000000000000000000000000000098
:10B4B4000000000000000000000000000000000088
:10B4C4000000000000000000000000000000000078
:10B4D4000000000000000000000000000000000068
:10B4E4000000000000000000000000000000000058
:10B4F4000000000000000000000000000000000048
:10B504000000000000000000000000000000000037
:10B514000000000000000000000000000000000027
:10B524000000000000000000000000000000000017
:10B534000000000000000000000000000000000007
:10B5440000000000000000000000000000000000F7
:10B5540000000000000000000000000000000000E7
:10B5640000000000000000000000000000000000D7
:10B5740000000000000000000000000000000000C7
:10B5840000000000000000000000000000000000B7
:10B5940000000000000000000000000000000000A7
:10B5A4000000000000000000000000000000000097
:10B5B4000000000000000000000000000000000087
:10B5C4000000000000000000000000000000000077
:10B5D4000000000000000000000000000000000067
:10B5E4000000000000000000000000000000000057
:10B5F4000000000000000000000000000000000047
:10B604000000000000000000000000000000000036
:10B614000000000000000000000000000000000026
:10B624000000000000000000000000000000000016
:10B634000000000000000000000000000000000006
:10B6440000000000000000000000000000000000F6
:10B6540000000000000000000000000000000000E6
:10B6640000000000000000000000000000000000D6
:10B6740000000000000000000000000000000000C6
:10B6840000000000000000000000000000000000B6
:10B6940000000000000000000000000000000000A6
:10B6A4000000000000000000000000000000000096
:10B6B4000000000000000000000000000000000086
:10B6C4000000000000000000000000000000000076
:10B6D4000000000000000000000000000000000066
:10B6E4000000000000000000000000000000000056
:10B6F4000000000000000000000000000000000046
:10B704000000000000000000000000000000000035
:10B714000000000000000000000000000000000025
:10B724000000000000000000000000000000000015
:10B734000000000000000000000000000000000005
:10B7440000000000000000000000000000000000F5
:10B7540000000000000000000000000000000000E5
:10B7640000000000000000000000000000000000D5
:10B7740000000000000000000000000000000000C5
:10B7840000000000000000000000000000000000B5
:10B7940000000000000000000000000000000000A5
:10B7A4000000000000000000000000000000000095
:10B7B4000000000000000000000000000000000085
:10B7C4000000000000000000000000000000000075
:10B7D4000000000000000000000000000000000065
:10B7E4000000000000000000000000000000000055
:10B7F4000000000000000000000000000000000045
:10B804000000000000000000000000000000000034
:10B814000000000000000000000000000000000024
:10B824000000000000000000000000000000000014
:10B834000000000000000000000000000000000004
:10B8440000000000000000000000000000000000F4
:10B8540000000000000000000000000000000000E4
:10B8640000000000000000000000000000000000D4
:10B8740000000000000000000000000000000000C4
:10B8840000000000000000000000000000000000B4
:10B8940000000000000000000000000000000000A4
:10B8A4000000000000000000000000000000000094
:10B8B4000000000000000000000000000000000084
:10B8C4000000000000000000000000000000000074
:10B8D4000000000000000000000000000000000064
:10B8E4000000000000000000000000000000000054
:10B8F40000000000000000000000000000000048FC
:10B904001000000094AD0008C4AE0008395D0008C2
:10B91400F8AD00087D5D000828AE0008255F00082A
:10B924003CAE00086D5F00084CAE0008A95F00083B
:10B9340060AE0008E55F000870AE0008D96000083A
:10B944007CAE0008AD610008B8AE0008C162000812
:10B954000816002098B000089CB0000888B00008C1
:10B96400A4B000088CB00008FFFFFF00FF00000037
:04B9740000127A0043
:040000050800AA65E0
:00000001FF
