:020000040800F2
:1000000000200020F1AD0008C9AC0008D3AC000806
:1000100000000000000000000000000000000000E0
:10002000000000000000000000000000D9AC000843
:100030000000000000000000E3AC0008EDAC000888
:1000400041AE00080000000041AE000841AE0008CB
:1000500041AE000841AE000841AE000841AE0008C4
:100060000000000041AE000841AE0008FDAC0008F1
:1000700041AE000841AE000841AE0008000000009B
:1000800041AE000821AD00080000000041AE0008AC
:1000900041AE000841AE000841AE000841AE000884
:1000A00041AE000839AD000841AE000841AE00087D
:1000B00051AD00080000000000000000000000003A
:1000C00010B5064C2378002B07D1054B002B02D02E
:1000D000044800E000BF0123237010BDB0060020DB
:1000E00000000000E8B00008044B10B5002B03D05E
:1000F0000349044800E000BF10BDC04600000000F6
:10010000B4060020E8B0000802780B78002A03D07B
:10011000013001319A42F7D0D01A70470023C25CF7
:100120000133002AFBD1581E70470000002243080B
:100130008B4274D303098B425FD3030A8B4244D3AF
:10014000030B8B4228D3030C8B420DD3FF220902F1
:1001500012BA030C8B4202D31212090265D0030BB0
:100160008B4219D300E0090AC30B8B4201D3CB03A6
:10017000C01A5241830B8B4201D38B03C01A5241E8
:10018000430B8B4201D34B03C01A5241030B8B42EA
:1001900001D30B03C01A5241C30A8B4201D3CB02D5
:1001A000C01A5241830A8B4201D38B02C01A5241BA
:1001B000430A8B4201D34B02C01A5241030A8B42BD
:1001C00001D30B02C01A5241CDD2C3098B4201D3D5
:1001D000CB01C01A524183098B4201D38B01C01A53
:1001E000524143098B4201D34B01C01A52410309CA
:1001F0008B4201D30B01C01A5241C3088B4201D379
:10020000CB00C01A524183088B4201D38B00C01A25
:10021000524143088B4201D34B00C01A5241411A4C
:1002200000D20146524110467047FFE701B5002059
:1002300000F006F802BDC0460029F7D076E7704707
:100240007047C0461C2101231B04984201D3000CB7
:1002500010391B0A984201D3000A08391B09984239
:1002600001D30009043902A2105C40187047C0464F
:10027000040302020101010100000000000000006F
:1002800080B582B000AF78607968044B70221800A6
:1002900000F010F9C046BD4602B080BD000000204D
:1002A00080B582B000AF78607968064B7022180084
:1002B00000F04AF8044B00221A70C046BD4602B056
:1002C00080BDC04600000020CC06002080B584B070
:1002D00000AF786078681B4B1B68082219000AF091
:1002E00045FE02000F23FB181A707B686A229B5A96
:1002F000002B0BD07B686C229B5A002B06D07B68AE
:100300006E229B5A002B01D0012200E000220E2019
:100310003B181A701A7801210A401A700F23FB1833
:100320001B78002B05D13B181B78002B01D0012333
:1003300000E000231A1C01231340DBB21800BD4665
:1003400004B080BD34060020B0B590B000AFF860B6
:10035000B960BB1D1A80FB681B68BB6280231B0150
:100360009B089BB29B00BA6AD3187B62BB6ABB63D3
:10037000BB6A3B6302E0BB6B0433BB63BA6B7B6A53
:100380009A4203D2BB6B1B68002BF4D0BB6B7B6320
:1003900002E07B6B04337B637A6B7B6A9A4203D205
:1003A0007B6B1B680133F4D172B6C04600F034FF9A
:1003B0000023FB6110217B1800221A60BA6A7B18A7
:1003C0005A607B1801229A60BB1D1B889B089BB258
:1003D00001339B007A6BD3187A6A9A4209D21C23A4
:1003E000FA187B181100180000F0D6FFBB6A3B63B7
:1003F00011E0BB6BFB6208E0F96A002200230220D7
:1004000000F074FEFB6A0433FB62FA6A7B6B9A426B
:10041000F2D37B6B3B633B6B1A1D3A631900244A92
:100420000023022000F062FE36E02023FB180422A5
:10043000002118000AF033FD3E23FB1800221A8029
:1004400014E03E203B181B88BA6811782022BA18A5
:10045000D154BB1D1A88BB1D013A1A80BB680133F9
:10046000BB603B183A18128801321A803E23FB18F1
:100470001B88032B03D8BB1D1B88002BE1D13B6BD2
:100480001A1D3A6319003B6A1C0000231D0022005C
:100490002B00022000F02AFEBB1D1B88002BC4D1BC
:1004A00000F0E0FE62B6C046C046BD4610B0B0BD2A
:1004B0000A02CB0780B58AB000AFF860B960BB1DF7
:1004C0001A80FB681B68BB6180231B019B089BB2E1
:1004D0009B00BA69D3187B61BB697B62BB1D1A881C
:1004E000BB68002118000AF0DAFC02E07B6A0433E2
:1004F0007B627A6A7B699A4203D27B6A1B68002B13
:10050000F4D07B69043B7A6A9A4202D27B6A043354
:100510007B627B6A3B6228E03B6A1B683B611F236E
:10052000FB1800221A7014E01F217B181B78102280
:10053000BA18D25CBB681A70BB680133BB60BB1DC4
:100540001A88BB1D013A1A807B187A18127801327A
:100550001A701F23FB181B78032B03D8BB1D1B88A5
:10056000002BE1D13B6A04333B62BB1D1B88002B8F
:1005700003D03A6A7B699A42CED3C046BD460AB0E0
:1005800080BDB0B58CB000AF3861796139690904BC
:10059000090CF96279690900B9600021F960B9684C
:1005A0000904090CB962F96AB961B96909BA396013
:1005B0000021796039680B0000210A00B96AF961ED
:1005C000F96909BA0C0000210D00110021433962BC
:1005D0002B437B623A6A7B6A10001900BD460CB05F
:1005E000B0BD000080B582B000AF78607B680E4A75
:1005F0001A607B680D4A5A607B680D4A9A607B6876
:100600000C4ADA607B680C4A1A617B6800225A61E6
:100610007B6818334022002118000AF040FCC046D5
:10062000BD4602B080BDC0460123456789ABCDEF12
:10063000FEDCBA9876543210F0E1D2C380B592B0A5
:1006400000AF786000233B6310E07B6818331A002A
:100650003B6B9B00D3181B683B623B6A19BA714B1A
:100660003A6B9200D1503B6B01333B633B6B0F2BDA
:10067000EBD930E03B6BDA1E6A4B9200D2583B6BF1
:10068000083B1900674B8900CB585A403B6B0E3B27
:100690001900644B8900CB585A403B6B103B190042
:1006A000604B8900CB585340FB611F23BB61BB6982
:1006B0001F221340BB61BB69002B01D1FB6903E022
:1006C000FA69BB69DA411300564A396B89008B50CD
:1006D0003B6B01333B633B6B4F2BCBD97B681B6878
:1006E0007B647B685B683B647B689B68FB637B68BF
:1006F000DB68BB637B681B697B6300233B636CE047
:100700003B6B132B0BD83B6CFA6B1A403B6CDB43F7
:10071000B96B0B401343FB62434BBB6223E03B6B63
:10072000272B08D83A6CFB6B5340BA6B5340FB62E3
:100730003E4BBB6217E03B6B3B2B0CD8FA6BBB6BA1
:1007400013433A6C1A40FB6BB96B0B401343FB62CB
:10075000374BBB6207E03A6CFB6B5340BA6B5340BC
:10076000FB62344BBB627B6CFB601B23BB60BB68D2
:100770001F221340BB60BB68002B01D1FB6803E064
:10078000FA68BB68DA411300FA6A9A187B6BD218D0
:10079000BB6AD218234B396B8900CB58D3187B62C4
:1007A000BB6B7B63FB6BBB633B6C7B6102233B617D
:1007B0003B691F2213403B613B69002B01D17B69E0
:1007C00003E07A693B69DA411300FB637B6C3B64AD
:1007D0007B6A7B643B6B01333B633B6B4F2B8FD955
:1007E0007B681A687B6CD2187B681A607B685A68D1
:1007F0003B6CD2187B685A607B689A68FB6BD21896
:100800007B689A607B68DA68BB6BD2187B68DA60B9
:100810007B681A697B6BD2187B681A61C046BD463B
:1008200012B080BDD00600209979825AA1EBD96E12
:10083000DCBC1B8FD6C162CA80B586B000AFF86041
:10084000B9607A60FB685B693F2213403B6100231B
:100850007B611BE0BA687B69D2183B69591C39611E
:100860001178FA68D3180A1C1A763B69402B05D117
:10087000FB681800FFF7E2FE00233B61FB685B6941
:100880005A1CFB685A617B6901337B617A697B681A
:100890009A42DFD3C046C046BD4606B080BDB0B563
:1008A0008AB000AFF860B960FB685B693F22134013
:1008B0007B62172108203B185B1880221A707B6A24
:1008C0005A1C7A62FA68D3183A18521812781A76B3
:1008D0003B185B1800221A707B6A382B11D9FB6811
:1008E00018331A007B6AD0187B6A4022D31A1A0088
:1008F00000210AF0D4FAFB681800FFF79FFE0023DE
:100900007B62FB6818331A007B6AD0187B6A382236
:10091000D31A1A0000210AF0C2FAFB685B693B6037
:1009200000237B603A687B6811004D0F1300DC00E8
:1009300020002900FFF725FE02000B003A617B61D1
:10094000FB681833383308220821791889180822DF
:1009500018000AF09BFAFB681800FFF76FFE0023EF
:100960003B620EE0FB683A6A9200D2583B6A9B00F9
:10097000B968CB18BA61BA6912BA1A603B6A013316
:100980003B623B6A042BEDDDC046C046BD460AB063
:10099000B0BD80B584B000AFF860B9607A603B60EC
:1009A0007A68B968FB681800FFF746FF3A68FB6889
:1009B00011001800FFF773FFC046BD4604B080BDAC
:1009C00080B500AF074B1A68064B10210A431A6026
:1009D000002000F009F80AF02FF800231800BD46A7
:1009E00080BDC0460020024090B583B000AF786063
:1009F000144B1C68144B1B781900FA239800FFF75E
:100A000095FB030019002000FFF790FB030018007E
:100A100000F02FF9031E01D001230FE07B68032BA8
:100A20000BD8796801235B420022180000F0FCF823
:100A3000064B7A681A60002300E001231800BD46C7
:100A400003B090BDA80600200C0000200800002084
:100A500080B500AF054B1B781A00054B1B68D218F8
:100A6000034B1A60C046BD4680BDC0460C00002046
:100A70005413002080B500AF024B1B681800BD4620
:100A800080BDC0465413002080B584B000AF7860AC
:100A9000FFF7F0FF0300BB607B68FB60FB6801337E
:100AA00005D00A4B1B781A00FB689B18FB60C046F8
:100AB000FFF7E0FF0200BB68D31AFA689A42F7D842
:100AC000C046C046BD4604B080BDC0460C000020F4
:100AD00080B582B000AF0200FB1D1A70FB1D1B78B1
:100AE0007F2B09D8FB1D1B781A001F231A40044BCB
:100AF000012191400A001A60C046BD4602B080BD87
:100B000000E100E090B583B000AF02003960FB1D4A
:100B10001A70FB1D1B787F2B28D82F4AFB1D1B78D2
:100B20005BB29B08C0339B009B58FA1D12781100E2
:100B300003220A40D200FF2191400A00D2431A400A
:100B400011003B689B01FF221A40FB1D1B78180017
:100B500003230340DB009A401F48FB1D1B785BB258
:100B60009B080A43C0339B001A5031E01B4AFB1D0F
:100B70001B7819000F230B40083B9B0806339B0092
:100B8000D31804331B68FA1D1278110003220A409F
:100B9000D200FF2191400A00D2431A4011003B6865
:100BA0009B01FF221A40FB1D1B7818000323034002
:100BB000DB009A400948FB1D1B781C000F232340D3
:100BC000083B9B080A4306339B00C31804331A6092
:100BD000C046BD4603B090BD00E100E000ED00E07E
:100BE00080B582B000AF78607B685A1E80235B04BA
:100BF0009A4201D3012310E00A4B7A68013A5A6005
:100C000001235B4203211800FFF77CFF054B002204
:100C10009A60044B07221A6000231800BD4602B0F8
:100C200080BDC04610E000E080B584B000AFB96080
:100C30007A600F217B18021C1A70BA687B181B7827
:100C40005BB211001800FFF75DFFC046BD4604B05F
:100C500080BD80B582B000AF0200FB1D1A70FB1D85
:100C60001B785BB21800FFF733FFC046BD4602B0E9
:100C700080BD80B582B000AF78607B681800FFF758
:100C8000AFFF03001800BD4602B080BD80B582B042
:100C900000AF78607B68042B06D1084B1A68074BBD
:100CA00004210A431A6005E0044B1A68034B04212F
:100CB0008A431A60C046BD4602B080BD10E000E025
:100CC00080B584B000AF78600023FB607B68002BA8
:100CD00001D1012336E07B682122022199547B68EF
:100CE0001B681B68FB60FB68184A1340FB607B684D
:100CF0005A687B689B681A437B68DB681A437B6889
:100D00001B691A437B685B691A437B689B691A43BA
:100D10007B68DB691343FA681343FB607B681B68DD
:100D2000FA681A607B68180000F0C4F97B6800223A
:100D30009A637B682122012199547B68202200213B
:100D4000995400231800BD4604B080BD0FC0FFFFBA
:100D500080B586B000AFF860B9607A603B60172359
:100D6000FB1800221A70FB6820229B5C012B01D12A
:100D700002234FE0FB68202201219954FB682122C5
:100D80009B5CDBB2012B3AD1FB68212202219954F2
:100D9000FB6800229A63FB681B681A68FB681B6883
:100DA00001218A431A603B687A68B968F86800F0E4
:100DB00054F9FB68DB6A002B08D0FB681B681A68D3
:100DC000FB681B680E210A431A600FE0FB681B6872
:100DD0001A68FB681B680A210A431A60FB681B68D3
:100DE0001A68FB681B6804218A431A60FB681B6849
:100DF0001A68FB681B6801210A431A6007E0FB6858
:100E00002022002199541723FB1802221A7017235D
:100E1000FB181B781800BD4606B080BD80B582B0B7
:100E200000AF78607B6821229B5CDBB2022B08D08C
:100E30007B6804229A637B68202200219954012355
:100E400020E07B681B681A687B681B680E218A4358
:100E50001A607B681B681A687B681B6801218A43DB
:100E60001A607B681A6C7B68DB6B012191400A0079
:100E70005A607B682122012199547B68202200213D
:100E8000995400231800BD4602B080BD80B584B0DF
:100E900000AF78600F217B1800221A707B68212236
:100EA0009B5CDBB2022B06D07B6804229A637B1822
:100EB00001221A7028E07B681B681A687B681B682F
:100EC0000E218A431A607B681B681A687B681B685E
:100ED00001218A431A607B681A6C7B68DB6B0121F5
:100EE00091400A005A607B682122012199547B6855
:100EF0002022002199547B685B6B002B04D07B6817
:100F00005B6B7A68100098470F23FB181B7818005A
:100F1000BD4604B080BD80B584B000AF78607B680A
:100F2000DB6B1B68FB607B681B681B68BB607B68B6
:100F30001B6C04229A401300FA68134024D0BB684B
:100F40000422134020D07B681B681B6820221340BA
:100F500007D17B681B681A687B681B6804218A4379
:100F60001A607B681A6C7B68DB6B042191400A0075
:100F70005A607B68DB6A002B00D16AE07B68DB6A21
:100F80007A681000984764E07B681B6C02229A40E4
:100F90001300FA6813402BD0BB680222134027D0FD
:100FA0007B681B681B68202213400BD17B681B6881
:100FB0001A687B681B680A218A431A607B682122B1
:100FC000012199547B681A6C7B68DB6B022191408C
:100FD0000A005A607B682022002199547B689B6A32
:100FE000002B36D07B689B6A7A681000984730E007
:100FF0007B681B6C08229A401300FA68134028D0C3
:10100000BB680822134024D07B681B681A687B6881
:101010001B680E218A431A607B681A6C7B68DB6B45
:10102000012191400A005A607B6801229A637B6823
:101030002122012199547B682022002199547B6848
:101040001B6B002B05D07B681B6B7A6810009847E0
:10105000FFE7C046BD4604B080BD80B584B000AF98
:10106000F860B9607A603B60FB681A6CFB68DB6B08
:10107000012191400A005A60FB681B683A685A6077
:10108000FB685B68102B08D1FB681B687A689A6064
:10109000FB681B68BA68DA6007E0FB681B68BA681F
:1010A0009A60FB681B687A68DA60C046BD4604B087
:1010B00080BD000080B582B000AF78607B681B689F
:1010C000084A9446634414211800FFF72FF80300E0
:1010D0009A007B681A647B68034ADA63C046BD469F
:1010E00002B080BDF8FFFDBF00000240F0B587B040
:1010F00000AFF860B9603A607B601723FB180122EB
:101100001A701623FB1800221A701523FB180022F0
:101110001A703E4B1B7E012B01D1022372E03B4B28
:1011200001221A761723FE18394B180000F0C4F874
:10113000030033701723FB181B78002B5CD1FB686E
:10114000012B04D11523FB1801221A700BE0FB6858
:10115000022B04D11523FB1802221A7003E0152379
:10116000FB1804221A701623FB1800221A7039E0AB
:1011700016217B181B785A00BB68D0187B181B7887
:101180001B011A00203A002A03DB7968D1400C00C9
:1011900008E02022D21A796891400A003968D940C3
:1011A0000C0014437A68DA401500A3B2190000F06D
:1011B00067F81723FE18164B180000F07DF803009F
:1011C0003370144B1A69134B01218A431A61172398
:1011D000FB181B78002B0ED116217B181A787B1870
:1011E00001321A701623FA181523FB1812781B788F
:1011F0009A42BDD300E0C046044B00221A76172362
:10120000FB181B781800BD4607B0F0BD581300202E
:1012100050C300000020024080B582B000AFFB1D2B
:1012200000221A700C4B1B69802213400DD00A4B10
:101230000A4A5A60084B0A4A5A60074B1B698022C7
:10124000134002D0FB1D01221A70FB1D1B781800F1
:10125000BD4602B080BDC046002002402301674564
:10126000AB89EFCD80B500AF044B1A69034B8021E9
:101270000A431A6100231800BD4680BD00200240C9
:1012800080B582B000AF78600A00BB1C1A80084BA2
:101290000022DA61074B1A69064B01210A431A61E1
:1012A0007B68BA1C12881A80C046BD4602B080BD59
:1012B000581300200020024080B584B000AF786051
:1012C000FFF7D8FB0300FB600FE07B6801330CD015
:1012D0007B68002B07D0FFF7CDFB0200FB68D31A19
:1012E0007A689A4201D203231FE0124BDB68012285
:1012F0001340012BE9D00F4BDB6820221340202B39
:1013000002D10C4B2022DA600A4BDB68102213401A
:10131000102B05D0074BDB6804221340042B03D1AC
:1013200000F00AF8012300E000231800BD4604B0D5
:1013300080BDC0460020024080B582B000AF0023CF
:101340007B60134BDB6810221340102B09D1114B2B
:10135000DB6902221A430F4BDA617B6810221343C8
:101360007B600B4BDB6804221340042B09D1094B33
:10137000DB6901221A43074BDA617B6804221343BD
:101380007B60034B7A68DA60C046BD4602B080BD20
:101390000020024058130020B0B584B000AF786040
:1013A00039600F23FB1801221A700023BB60324BF7
:1013B0001B7E012B01D102235AE02F4B01221A760A
:1013C0007B681B68012B16D12C4B1800FFF774FFAC
:1013D000031E47D100F056F80F23FC18274B1800C6
:1013E000FFF76AFF03002370254B1A69244B042181
:1013F0008A431A6136E0214B1800FFF75DFF031E98
:1014000030D13B68012252421A607B685B68BB6046
:101410001FE0BB68180000F04DF80F257C19174B32
:101420001800FFF749FF03002370154B1A69144B8E
:1014300002218A431A617B191B78002B03D03B6879
:10144000BA681A600EE0BB688022D20094466344FA
:10145000BB607B689B689A027B685B68D318BA683C
:101460009A42D6D3044B00221A760F23FB181B781E
:101470001800BD4604B0B0BD5813002050C3000092
:101480000020024080B500AF084B0022DA61084B13
:101490001A69074B04210A431A61054B1A69044B68
:1014A00040210A431A61C046BD4680BD5813002042
:1014B0000020024080B582B000AF78600A4B002265
:1014C000DA610A4B1A69094B02210A431A61074B78
:1014D0007A685A61054B1A69044B40210A431A6124
:1014E000C046BD4602B080BD581300200020024017
:1014F00080B586B000AF7860396000237B614FE132
:101500003B681B6801217A6991400A001340FB6027
:10151000FB68002B00D140E13B685B68032213406D
:10152000012B05D03B685B6803221340022B30D1AE
:101530007B689B683B617B695B0003229A401300D8
:10154000DA433B6913403B613B68DA687B695B00C7
:101550009A4013003A6913433B617B683A699A6089
:101560007B685B683B6101227B699A401300DA4328
:101570003B6913403B613B685B681B0901221A40D1
:101580007B699A4013003A6913433B617B683A696F
:101590005A603B685B6803221340032B17D07B68BB
:1015A000DB683B617B695B0003229A401300DA43EE
:1015B0003B6913403B613B689A687B695B009A40DA
:1015C00013003A6913433B617B683A69DA603B6810
:1015D0005B6803221340022B23D17B69DA087B6806
:1015E00008329200D3583B617B69072213409B006D
:1015F0000F229A401300DA433B6913403B613B687A
:101600001A697B6907210B409B009A4013003A69D5
:1016100013433B617B69DA087B68083292003969C1
:10162000D1507B681B683B617B695B0003229A4059
:101630001300DA433B6913403B613B685B6803225C
:101640001A407B695B009A4013003A6913433B617F
:101650007B683A691A603B685A68C0239B02134052
:1016600000D19AE0544B9A69534B01210A439A6185
:10167000514B9B6901221340BB60BB684F4A7B6999
:101680009B0802339B009B583B617B6903221340FC
:101690009B000F229A401300DA433B6913403B61E1
:1016A0007A689023DB059A4213D07B68444A9342C0
:1016B0000DD07B68434A934207D07B68424A9342ED
:1016C00001D1032306E0052304E0022302E0012305
:1016D00000E000237A6903210A40920093403A69AE
:1016E00013433B6135497B699B0802339B003A6990
:1016F0005A50364B9B683B61FB68DA433B691340A9
:101700003B613B685A6880235B03134003D03A690E
:10171000FB6813433B612D4B3A699A602B4BDB68A6
:101720003B61FB68DA433B6913403B613B685A68A5
:1017300080239B03134003D03A69FB6813433B614A
:10174000224B3A69DA60214B5B683B61FB68DA4304
:101750003B6913403B613B685A6880239B021340FE
:1017600003D03A69FB6813433B61184B3A695A60EE
:10177000164B1B683B61FB68DA433B6913403B61D6
:101780003B685A6880235B02134003D03A69FB68C8
:1017900013433B610D4B3A691A607B6901337B61EE
:1017A0003B681A687B69DA40131E00D0A8E6C04681
:1017B000C046BD4606B080BD00100240000001409A
:1017C0000004004800080048000C004800040140E4
:1017D00080B584B000AF78600A00BB1C1A807B68BB
:1017E0001B69BA1C1288134004D00F23FB18012276
:1017F0001A7003E00F23FB1800221A700F23FB1846
:101800001B781800BD4604B080BD80B582B000AF23
:10181000786008001100BB1C021C1A807B1C0A1C8B
:101820001A707B1C1B78002B04D0BB1C1A887B68A9
:101830009A6103E0BB1C1A887B689A62C046BD4669
:1018400002B080BD80B588B000AF78607B68002BA7
:1018500001D1012301E37B681B680122134000D101
:101860008DE0C34B5B680C221340042B0ED0C04BA1
:101870005B680C221340082B16D1BD4B5A6880239D
:101880005B021A4080235B029A420DD1B84B1A6862
:1018900080239B02134000D170E07B685B68002BC3
:1018A00000D06BE00123D8E27B685B68012B07D195
:1018B000AF4B1A68AE4B802149020A431A602FE0F1
:1018C0007B685B68002B0CD1A94B1A68A84BA9490F
:1018D0000A401A60A64B1A68A54BA7490A401A602D
:1018E0001EE07B685B68052B0ED1A14B1A68A04BEC
:1018F0008021C9020A431A609D4B1A689C4B8021C3
:1019000049020A431A600BE0994B1A68984B9949AF
:101910000A401A60964B1A68954B97490A401A601C
:101920007B685B68002B14D0FFF7A4F80300BB6151
:1019300008E0FFF79FF80200BB69D31A642B01D9B6
:1019400003238AE28A4B1A6880239B021340F0D05B
:1019500015E0FFF78FF80300BB6108E0FFF78AF896
:101960000200BB69D31A642B01D9032375E2804BB3
:101970001A6880239B021340F0D100E0C0467B68C8
:101980001B680222134000D169E0794B5B680C228E
:1019900013400BD0764B5B680C221340082B1CD1F4
:1019A000734B5A6880235B02134016D1704B1B683F
:1019B0000222134005D07B68DB68012B01D0012394
:1019C0004BE26B4B1B68F822934319007B681B6941
:1019D000DA00674B0A431A6041E07B68DB68002B42
:1019E00024D0634B1A68624B01210A431A60FFF747
:1019F00041F80300BB6108E0FFF73CF80200BB6957
:101A0000D31A022B01D9032327E2594B1B68022268
:101A10001340F1D0564B1B68F822934319007B68A2
:101A20001B69DA00524B0A431A6018E0504B1A68DF
:101A30004F4B01218A431A60FFF71CF80300BB617A
:101A400008E0FFF717F80200BB69D31A022B01D98F
:101A5000032302E2464B1B6802221340F1D17B684C
:101A60001B680822134036D07B68DB69002B19D035
:101A70003F4B5A6A3E4B01210A435A62FEF7FAFF76
:101A80000300BB6108E0FEF7F5FF0200BB69D31A53
:101A9000022B01D90323E0E1354B5B6A022213409C
:101AA000F1D018E0324B5A6A314B01218A435A6215
:101AB000FEF7E0FF0300BB6108E0FEF7DBFF02007A
:101AC000BB69D31A022B01D90323C6E1284B5B6AF9
:101AD00002221340F1D17B681B680422134000D11D
:101AE000B4E01F203B1800221A70214BDA698023D2
:101AF0005B05134010D11E4BDA691D4B802149054F
:101B00000A43DA611A4BDA6980235B051340FB60F4
:101B1000FB683B1801221A70184B1A6880235B007F
:101B200013401AD1154B1A68144B802149000A43FF
:101B30001A60FEF79FFF0300BB6108E0FEF79AFF03
:101B40000200BB69D31A642B01D9032385E10B4B37
:101B50001A6880235B001340F0D07B689B68012BE0
:101B60000ED1034B1A6A024B01210A431A6235E077
:101B700000100240FFFFFEFFFFFFFBFF0070004070
:101B80007B689B68002B0CD1B64B1A6AB54B0121C0
:101B90008A431A62B34B1A6AB24B04218A431A620F
:101BA0001CE07B689B68052B0CD1AE4B1A6AAD4BD1
:101BB00004210A431A62AB4B1A6AAA4B01210A4359
:101BC0001A620BE0A74B1A6AA64B01218A431A62DC
:101BD000A44B1A6AA34B04218A431A627B689B6850
:101BE000002B14D0FEF746FF0300BB6109E0FEF7AF
:101BF00041FF0200BB69D31A9B4A934201D90323D8
:101C00002BE1984B1B6A02221340F0D013E0FEF741
:101C100031FF0300BB6109E0FEF72CFF0200BB6946
:101C2000D31A914A934201D9032316E18D4B1B6AC3
:101C300002221340F0D11F23FB181B78012B05D182
:101C4000884BDA69874B89490A40DA617B681B68EF
:101C50001022134063D07B685B69012B2AD1814B32
:101C60005A6B804B04210A435A637E4B5A6B7D4B5F
:101C700001210A435A63FEF7FDFE0300BB6108E041
:101C8000FEF7F8FE0200BB69D31A022B01D9032329
:101C9000E3E0744B5B6B02221340F1D0714B5B6B42
:101CA000F822934319007B689B69DA006D4B0A4365
:101CB0005A6334E07B685B69053311D1694B5A6B19
:101CC000684B04218A435A63664B5B6BF82293434B
:101CD00019007B689B69DA00624B0A435A631EE075
:101CE000604B5A6B5F4B04210A435A635D4B5A6B3E
:101CF0005C4B01218A435A63FEF7BCFE0300BB61C3
:101D000008E0FEF7B7FE0200BB69D31A022B01D927
:101D10000323A2E0534B5B6B02221340F1D17B689B
:101D20001B6A002B00D197E04E4B5B680C221340DE
:101D3000082B00D16BE07B681B6A022B4CD1494B0E
:101D40001A68484B4A490A401A60FEF793FE03009E
:101D5000BB6108E0FEF78EFE0200BB69D31A022BBE
:101D600001D9032379E03F4B1A6880239B04134079
:101D7000F0D13C4BDB6A0F22934319007B68DA6A8F
:101D8000384B0A43DA62374B5B683A4A1340190012
:101D90007B689A6A7B685B6A1A43324B0A435A60D3
:101DA000304B1A682F4B802149040A431A60FEF712
:101DB00061FE0300BB6108E0FEF75CFE0200BB6948
:101DC000D31A022B01D9032347E0264B1A6880233C
:101DD0009B041340F0D03FE0224B1A68214B24496A
:101DE0000A401A60FEF746FE0300BB6108E0FEF7FA
:101DF00041FE0200BB69D31A022B01D903232CE058
:101E0000184B1A6880239B041340F0D124E07B68B0
:101E10001B6A012B01D101231FE0124B5B687B6120
:101E2000104BDB6A3B617A6980235B021A407B6856
:101E30005B6A9A420ED13B690F221A407B68DB6ACB
:101E40009A4207D17A69F0239B031A407B689B6A08
:101E50009A4201D0012300E000231800BD4608B0DB
:101E600080BDC0460010024088130000FFFFFFEF56
:101E7000FFFFFFFEFFFFC2FF80B584B000AF7860B8
:101E800039607B68002B01D10123B3E05B4B1B68F9
:101E9000012213403A689A4211D9584B1B6801221B
:101EA00093431900554B3A680A431A60534B1B6819
:101EB000012213403A689A4201D001239AE07B68DC
:101EC0001B680222134015D07B681B680422134054
:101ED00006D04B4B5A684A4BE021C9000A435A606E
:101EE000474B5B68F022934319007B689A68444B28
:101EF0000A435A607B681B680122134040D07B680C
:101F00005B68012B07D13E4B1A6880239B0213406C
:101F100014D101236EE07B685B68022B07D1384B3C
:101F20001A6880239B04134008D1012362E0344BDC
:101F30001B680222134001D101235BE0304B5B6838
:101F40000322934319007B685A682D4B0A435A6059
:101F5000FEF790FD0300FB6009E0FEF78BFD020039
:101F6000FB68D31A274A934201D9032342E0244B4A
:101F70005B680C221A407B685B689B009A42ECD13C
:101F80001E4B1B68012213403A689A4211D21B4B28
:101F90001B68012293431900184B3A680A431A60E0
:101FA000164B1B68012213403A689A4201D0012364
:101FB00020E07B681B680422134009D0104B5B684B
:101FC000114A134019007B68DA680D4B0A435A60C6
:101FD00000F020F801000A4B5B681B090F22134038
:101FE0000A4AD35C0A00DA40094B1A600020FEF767
:101FF000FBFC00231800BD4604B080BD0020024059
:102000000010024088130000FFF8FFFF50B60008E0
:10201000A806002080B586B000AF0023FB60002337
:10202000BB6000237B6100237B6000233B61204B6E
:102030005B68FB60FB680C221340042B02D0082B6A
:1020400003D02CE01B4B3B612CE0FB689B0C0F2268
:102050001340194AD35C7B60154BDB6A0F22134097
:10206000164AD35CBB60FA6880235B02134009D038
:10207000B9681048FEF75AF803001A007B6853430A
:102080007B6109E079680A005201521A93019B1A98
:10209000DB005B181B027B617B693B6102E0054B47
:1020A0003B61C0463B691800BD4606B080BDC046D6
:1020B0000010024000127A00E4B40008F4B40008F2
:1020C00080B500AF024B1B681800BD4680BDC046FE
:1020D000A806002080B500AFFFF7F2FF0100064B15
:1020E0005B681B0A07221340044AD35CD9400B00EB
:1020F0001800BD4680BDC0460010024060B6000812
:1021000080B584B000AF78607B68002B01D10123DB
:10211000A8E07B685B6A002B09D17B685A68822340
:102120005B009A4209D07B680022DA6105E07B6897
:1021300000221A617B6800225A617B6800229A6241
:102140007B685D229B5CDBB2002B07D17B685C2245
:10215000002199547B68180008F092FC7B685D228E
:10216000022199547B681B681A687B681B684021B0
:102170008A431A607B68DA68E023DB009A4202D95E
:102180000023FB6002E080235B01FB607B68DA6870
:10219000F0231B019A4208D07B68DA68E023DB0059
:1021A0009A4202D07B6800229A627B685A68822336
:1021B0005B001A407B68996884231B020B401A431A
:1021C0007B681B6902210B401A437B685B69012114
:1021D0000B401A437B68996980239B000B401A438C
:1021E0007B68DB6938210B401A437B681B6A8021BE
:1021F0000B401A4311007B689A6A80239B011A40A6
:102200007B681B680A431A607B689B691B0C04226D
:102210001A407B685B6A10210B401A437B685B6B3A
:1022200008210B401A437B68D968F0231B010B403F
:102230001A431100FA6880235B011A407B681B680F
:102240000A435A607B681B68DA697B681B68074928
:102250000A40DA617B6800221A667B685D220121F0
:10226000995400231800BD4604B080BDFFF7FFFF5E
:1022700080B588B000AFF860B9603B60BB1D1A80C4
:102280001F23FB1800221A70FB685C229B5C012B49
:1022900001D1022347E1FB685C2201219954FEF73A
:1022A000E9FB0300BB611623FB18BA1D12881A80D4
:1022B000FB685D229B5CDBB2012B04D01F23FB1863
:1022C00002221A7028E1BB68002B03D0BB1D1B88BB
:1022D000002B04D11F23FB1801221A701CE1FB689C
:1022E0005D2203219954FB6800221A66FB68BA68D4
:1022F0009A63FB68BA1D12889A87FB68BA1D128818
:10230000DA87FB6800221A64FB6844220021995294
:10231000FB68462200219952FB6800221A65FB687F
:102320000022DA64FB689A6880231B029A4210D16B
:10233000FB681B681A68FB681B6840218A431A60A7
:10234000FB681B681A68FB681B688021C9010A4387
:102350001A60FB681B681B6840221340402B07D0A3
:10236000FB681B681A68FB681B6840210A431A60F7
:10237000FB68DA68E023DB009A4252D9FB685B68AD
:10238000002B04D01623FB181B88012B43D1FB68BC
:102390009B6B1A88FB681B68DA60FB689B6B9A1C56
:1023A000FB689A63FB68DB8F9BB2013B9AB2FB68C8
:1023B000DA8730E0FB681B689B6802221340022B1F
:1023C00012D1FB689B6B1A88FB681B68DA60FB689C
:1023D0009B6B9A1CFB689A63FB68DB8F9BB2013B8B
:1023E0009AB2FB68DA8716E0FEF744FB0200BB698D
:1023F000D31A3A689A4202D83B68013302D13B684B
:10240000002B08D11F23FB1803221A70FB685D22E2
:102410000121995480E0FB68DB8F9BB2002BC9D16E
:1024200053E0FB685B68002B04D01623FB181B8865
:10243000012B45D1FB689A6BFB681B680C33127843
:102440001A70FB689B6B5A1CFB689A63FB68DB8FF6
:102450009BB2013B9AB2FB68DA8731E0FB681B68EC
:102460009B6802221340022B13D1FB689A6BFB6816
:102470001B680C3312781A70FB689B6B5A1CFB6844
:102480009A63FB68DB8F9BB2013B9AB2FB68DA87E9
:1024900016E0FEF7EFFA0200BB69D31A3A689A42D7
:1024A00002D83B68013302D13B68002B08D11F23BF
:1024B000FB1803221A70FB685D22012199542BE05E
:1024C000FB68DB8F9BB2002BC8D1BA693968FB6807
:1024D000180000F00BFE031E02D0FB6820221A66D3
:1024E000FB689B68002B0AD100233B61FB681B68DB
:1024F000DB683B61FB681B689B683B613B69FB6871
:102500001B6E002B04D01F23FB1801221A7003E05E
:10251000FB685D2201219954FB685C2200219954DB
:102520001F23FB181B781800BD4608B080BD0000B3
:1025300090B589B002AFF860B9603B60BB1D1A80EE
:1025400017217B1800221A70FB685D229B5CDBB2AE
:10255000012B03D07B1802221A702BE1FB685A680A
:1025600082235B009A4213D1FB689B68002B0FD13A
:10257000FB685D2204219954BB1D1C88BA68B968A8
:10258000F8683B680093230000F024F9030018E189
:10259000FB685C229B5C012B01D1022311E1FB68EB
:1025A0005C2201219954FEF765FA03003B61BB6888
:1025B000002B03D0BB1D1B88002B04D11723FB1855
:1025C00001221A70F6E0FB685D2204219954FB6831
:1025D00000221A66FB68BA681A64FB68BA1D4421B7
:1025E00012885A52FB68BA1D462112885A52FB685B
:1025F00000229A63FB6800229A87FB680022DA8730
:10260000FB680022DA64FB6800221A65FB68DA685E
:10261000E023DB009A4208D9FB681B685A68FB6814
:102620001B686A490A405A6008E0FB681B685A68E0
:10263000FB681B68802149010A435A60FB689A685D
:1026400080231B029A420FD1FB681B681A68FB6843
:102650001B6840218A431A60FB681B681A68FB6884
:102660001B685B490A401A60FB681B681B684022B4
:102670001340402B07D0FB681B681A68FB681B6877
:1026800040210A431A60FB68DA68E023DB009A42C3
:1026900000D971E035E0FB681B689B68012213409C
:1026A000012B17D1FB681B680C331A00FB681B6CED
:1026B0001278D2B21A70FB681B6C5A1CFB681A6441
:1026C000FB6846229B5A9BB2013B99B2FB684622AB
:1026D000995216E0FEF7CEF902003B69D31A3A6828
:1026E0009A4202D83B68013302D13B68002B08D1E3
:1026F0001723FB1803221A70FB685D2201219954ED
:1027000058E0FB6846229B5A9BB2002BC3D139E0AC
:10271000FB681B689B6801221340012B15D1FB68E5
:102720001B68DA68FB681B6C92B21A80FB681B6C32
:102730009A1CFB681A64FB6846229B5A9BB2013BB9
:1027400099B2FB684622995216E0FEF793F902000F
:102750003B69D31A3A689A4202D83B68013302D1E6
:102760003B68002B08D11723FB1803221A70FB6863
:102770005D22012199541DE0FB6846229B5A9BB2C1
:10278000002BC5D13A693968FB68180000F050FC8D
:10279000031E02D0FB6820221A66FB681B6E002B0A
:1027A00004D01723FB1801221A7003E0FB685D2296
:1027B00001219954FB685C22002199541723FB18CE
:1027C0001B781800BD4607B090BDC046FFEFFFFF65
:1027D000FFBFFFFF80B58AB000AFF860B9607A60D4
:1027E0001A00BB1C1A8001237B622323FB180022E2
:1027F0001A70FB685C229B5C012B01D10223C4E1AF
:10280000FB685C2201219954FEF734F90300FB6157
:102810001B203B18FA685D21525C1A70FB685B68EC
:102820007B611223FB18BA1C12881A803B181B7894
:10283000012B11D07A6982235B009A4207D1FB6891
:102840009B68002B03D13B181B78042B04D0232357
:10285000FB1802221A7091E1BB68002B06D07B683E
:10286000002B03D0BB1C1B88002B04D12323FB1897
:1028700001221A7082E1FB685D229B5CDBB2042BB3
:1028800003D0FB685D2205219954FB6800221A667B
:10289000FB687A681A64FB68BA1C462112885A528F
:1028A000FB68BA1C442112885A52FB68BA689A63C2
:1028B000FB68BA1C1288DA87FB68BA1C12889A87F0
:1028C000FB680022DA64FB6800221A65FB68DA689C
:1028D000E023DB009A4208D9FB681B685A68FB6852
:1028E0001B68AC490A405A6008E0FB681B685A68DC
:1028F000FB681B68802149010A435A60FB681B681A
:102900001B6840221340402B07D0FB681B681A68E5
:10291000FB681B6840210A431A60FB68DA68E02301
:10292000DB009A4200D883E0FB685B68002B05D08F
:102930001223FB181B88012B00D06DE0FB689B6BFA
:102940001A88FB681B68DA60FB689B6B9A1CFB6843
:102950009A63FB68DB8F9BB2013B9AB2FB68DA8714
:102960005AE0FB681B689B6802221340022B1BD1B4
:10297000FB68DB8F9BB2002B16D07B6A012B13D137
:10298000FB689B6B1A88FB681B68DA60FB689B6BB3
:102990009A1CFB689A63FB68DB8F9BB2013B9AB27F
:1029A000FB68DA8700237B62FB681B689B68012257
:1029B0001340012B1CD1FB6846229B5A9BB2002B73
:1029C00016D0FB681B68DA68FB681B6C92B21A8031
:1029D000FB681B6C9A1CFB681A64FB6846229B5AB6
:1029E0009BB2013B99B2FB684622995201237B625C
:1029F000FEF740F80200FB69D31A3A6B9A420BD8F3
:102A00003B6B013308D02323FB1803221A70FB68A9
:102A10005D2201219954B1E0FB68DB8F9BB2002B52
:102A20009FD1FB6846229B5A9BB2002B99D189E02B
:102A3000FB685B68002B05D01223FB181B88012B59
:102A400000D074E0FB689A6BFB681B680C3312784B
:102A50001A70FB689B6B5A1CFB689A63FB68DB8FE0
:102A60009BB2013B9AB2FB68DA8760E0FB681B68A7
:102A70009B6802221340022B1CD1FB68DB8F9BB2A8
:102A8000002B17D07B6A012B14D1FB689A6BFB6873
:102A90001B680C3312781A70FB689B6B5A1CFB681E
:102AA0009A63FB68DB8F9BB2013B9AB2FB68DA87C3
:102AB00000237B62FB681B689B6801221340012B8B
:102AC0001ED1FB6846229B5A9BB2002B18D0FB6894
:102AD0001B680C331A00FB681B6C1278D2B21A7098
:102AE000FB681B6C5A1CFB681A64FB6846229B5AE5
:102AF0009BB2013B99B2FB684622995201237B624B
:102B0000FDF7B8FF0200FB69D31A3A6B9A4202D86C
:102B10003B6B013302D13B6B002B08D12323FB1805
:102B200003221A70FB685D220121995426E0FB689C
:102B3000DB8F9BB2002B99D1FB6846229B5A9BB23C
:102B4000002B93D1FA69396BFB68180000F0CEFABC
:102B5000031E06D02323FB1801221A70FB682022D3
:102B60001A66FB681B6E002B04D02323FB1801227E
:102B70001A7003E0FB685D2201219954FB685C2216
:102B8000002199542323FB181B781800BD460AB076
:102B900080BDC046FFEFFFFF80B588B000AF786012
:102BA0007B681B685B68FB617B681B689B68BB611B
:102BB000BB699B091A00012313400FD1BB69012295
:102BC00013400BD0FB699B091A000123134005D069
:102BD0007B68DB6C7A6810009847D5E0BB695B08BE
:102BE0001A00012313400BD0FB69DB091A000123F3
:102BF000134005D07B681B6D7A6810009847C3E0CE
:102C0000BB695B091A00012313400CD1BB699B0906
:102C10001A000123134006D1BB691B0A1A000123C5
:102C2000134000D1B0E0FB695B091A000123134097
:102C300000D1A9E0BB699B091A000123134023D0EE
:102C40007B685D229B5CDBB2032B11D07B681B6E23
:102C500004221A437B681A6600237B617B681B6829
:102C6000DB687B617B681B689B687B617B690BE031
:102C700000233B617B681B68DB683B617B681B68EA
:102C80009B683B613B697FE0BB695B091A000123DC
:102C9000134014D07B681B6E01221A437B681A66AE
:102CA0000023FB607B681B689B68FB607B681B687C
:102CB0001A687B681B6840218A431A60FB68BB69FD
:102CC0001B0A1A00012313400CD07B681B6E0822DC
:102CD0001A437B681A660023BB607B681B689B688D
:102CE000BB60BB687B681B6E002B4CD07B681B688D
:102CF0005A687B681B68E0218A435A607B685D22C2
:102D000001219954FB690222134003D1FB6901227E
:102D1000134032D07B681B685A687B681B680321AC
:102D20008A435A607B689B6D002B10D07B689B6D3B
:102D3000174A5A637B689B6D1800FEF7A7F8031EBD
:102D400005D07B681B6E40221A437B681A667B683D
:102D50005B6D002B16D07B685B6D0D4A5A637B68F8
:102D60005B6D1800FEF792F8031E0BD07B681B6E9C
:102D700040221A437B681A6604E07B68180000F062
:102D800009F800E0C046C046BD4608B080BDC04658
:102D9000A52D000880B582B000AF7860C046BD4662
:102DA00002B080BD80B584B000AF78607B685B6A9C
:102DB000FB60FB68462200219952FB680022DA87FB
:102DC000FB681800FFF7E6FFC046BD4604B080BDB3
:102DD00080B588B000AFF860B9603B60FB1D1A7029
:102DE000FDF748FE0200BB6A9B1A3A68D318FB61E4
:102DF000FDF740FE0300BB613A4B1B685B011B0DF6
:102E0000FA6953437B6158E03B68013355D0FDF7C5
:102E100031FE0200BB69D31AFA699A4202D9FB69F2
:102E2000002B42D1FB681B685A68FB681B68E021D5
:102E30008A435A60FB685A6882235B009A4213D126
:102E4000FB689A6880231B029A4205D0FB689A6847
:102E50008023DB009A4207D1FB681B681A68FB6875
:102E60001B6840218A431A60FB689A6A80239B0191
:102E70009A4210D1FB681B681A68FB681B681A49E4
:102E80000A401A60FB681B681A68FB681B6880218F
:102E900089010A431A60FB685D2201219954FB688D
:102EA0005C2200219954032317E07B69002B01D198
:102EB0000023FB617B69013B7B61FB681B689B68AE
:102EC000BA681340BA68D31A5A425341DBB21A00A7
:102ED000FB1D1B789A4297D100231800BD4608B00D
:102EE00080BDC046A8060020FFDFFFFF80B58AB086
:102EF00000AFF860B9607A603B601723FB180022CE
:102F00001A70FDF7B7FD02003B6B9B1A3A68D318A5
:102F10007B62FDF7AFFD03003B62FB681B680C336F
:102F2000FB61414B1A6813009B009B18DA00D31A0F
:102F30001B0D7A6A5343BB6168E0BA68C023DB00AB
:102F40009A420AD17B68002B07D1FB691B78DAB261
:102F500017217B181A707B181B783B68013355D0FA
:102F6000FDF788FD02003B6AD31A7A6A9A4202D9B9
:102F70007B6A002B42D1FB681B685A68FB681B68A0
:102F8000E0218A435A60FB685A6882235B009A42B8
:102F900013D1FB689A6880231B029A4205D0FB6814
:102FA0009A688023DB009A4207D1FB681B681A6885
:102FB000FB681B6840218A431A60FB689A6A802379
:102FC0009B019A4210D1FB681B681A68FB681B685A
:102FD00016490A401A60FB681B681A68FB681B6880
:102FE000802189010A431A60FB685D2201219954FE
:102FF000FB685C2200219954032310E0BB69002B7D
:1030000001D100237B62BB69013BBB61FB681B688C
:103010009B68BA6813407A689A428ED100231800E0
:10302000BD460AB080BDC046A8060020FFDFFFFFF6
:1030300080B586B002AFF860B9607A60FB685A6804
:1030400082235B009A4213D1FB689A6880231B029B
:103050009A4205D0FB689A688023DB009A4207D128
:10306000FB681B681A68FB681B6840218A431A606A
:10307000BA68F8687B680093130000228021FFF78C
:10308000A7FE031E07D0FB681B6E20221A43FB68B5
:103090001A66032326E0FB685A6882235B009A4283
:1030A0001FD1FB689A6880231B029A4205D0FB68F7
:1030B0009A688023DB009A4213D1BA68C023D900F2
:1030C000F8687B68009313000022FFF70FFF031ED0
:1030D00007D0FB681B6E20221A43FB681A66032385
:1030E00000E000231800BD4604B080BD80B586B066
:1030F00002AFF860B9607A60BA68C0235901F86815
:103100007B68009313000022FFF7F0FE031E07D038
:10311000FB681B6E20221A43FB681A66032327E014
:10312000BA68F8687B680093130000228021FFF7DB
:103130004FFE031E07D0FB681B6E20221A43FB685C
:103140001A66032314E0BA68C023D900F8687B68C4
:10315000009313000022FFF7C9FE031E07D0FB688F
:103160001B6E20221A43FB681A66032300E000232B
:103170001800BD4604B080BD80B582B000AF786055
:103180007B68002B01D1012342E07B683D229B5CE0
:10319000DBB2002B07D17B683C22002199547B686D
:1031A000180007F0C1FC7B683D22022199547B681E
:1031B0001A687B6804331900100000F0B5F97B68C9
:1031C0004622012199547B683E22012199547B6853
:1031D0003F22012199547B684022012199547B6848
:1031E0004122012199547B684222012199547B6834
:1031F0004322012199547B684422012199547B6820
:103200004522012199547B683D22012199540023D4
:103210001800BD4602B080BD80B584B000AF7860B4
:103220007B683D229B5CDBB2012B01D0012335E0A2
:103230007B683D22022199547B681B68DA687B68B1
:103240001B6801210A43DA607B681B68154A9342B8
:1032500009D07B681B68144A934204D07B681B68C2
:10326000124A934211D17B681B689B680722134066
:10327000FB60FB68062B10D07B681B681A687B68B4
:103280001B6801210A431A6007E07B681B681A6803
:103290007B681B6801210A431A6000231800BD46A1
:1032A00004B080BD002C01400004004000400140FB
:1032B00080B582B000AF78607B681B68DA687B6895
:1032C0001B6801218A43DA607B681B681B6A0D4A10
:1032D00013400DD17B681B681B6A0B4A134007D152
:1032E0007B681B681A687B681B6801218A431A6027
:1032F0007B683D220121995400231800BD4602B08D
:1033000080BDC046111100004404000080B584B0A7
:1033100000AF78607B681B68DB68FB607B681B68BC
:103320001B69BB60BB680222134021D0FB680222EC
:1033300013401DD07B681B68032252421A617B68D0
:1033400001221A777B681B689B690322134004D013
:103350007B68180000F0D0F807E07B68180000F0E8
:10336000C3F87B68180000F0CFF87B6800221A775A
:10337000BB680422134022D0FB68042213401ED0F5
:103380007B681B68052252421A617B6802221A7709
:103390007B681B689A69C0239B00134004D07B683C
:1033A000180000F0A9F807E07B68180000F09CF80E
:1033B0007B68180000F0A8F87B6800221A77BB68C9
:1033C0000822134021D0FB68082213401DD07B68DF
:1033D0001B68092252421A617B6804221A777B68B3
:1033E0001B68DB690322134004D07B68180000F0DF
:1033F00083F807E07B68180000F076F87B68180017
:1034000000F082F87B6800221A77BB681022134014
:1034100022D0FB68102213401ED07B681B6811224B
:1034200052421A617B6808221A777B681B68DA6946
:10343000C0239B00134004D07B68180000F05CF8A8
:1034400007E07B68180000F04FF87B68180000F078
:103450005BF87B6800221A77BB68012213400CD00E
:10346000FB680122134008D07B681B68022252428D
:103470001A617B68180006F0D9FFBB6880221340F0
:103480000CD0FB688022134008D07B681B68812227
:1034900052421A617B68180000F0D2F8BB684022E3
:1034A00013400CD0FB684022134008D07B681B6897
:1034B000412252421A617B68180000F02DF8BB6867
:1034C000202213400CD0FB682022134008D07B68D8
:1034D0001B68212252421A617B68180000F0A8F88C
:1034E000C046BD4604B080BD80B582B000AF7860F4
:1034F000C046BD4602B080BD80B582B000AF7860E6
:10350000C046BD4602B080BD80B582B000AF7860D5
:10351000C046BD4602B080BD80B582B000AF7860C5
:10352000C046BD4602B080BD80B584B000AF7860B3
:1035300039607B681B68FB607B68364A934203D026
:103540007B68354A934208D1FB6870229343FB6045
:103550003B685B68FA681343FB607B682D4A9342C3
:1035600013D07B682C4A93420FD07B682B4A93423E
:103570000BD07B682A4A934207D07B68294A934242
:1035800003D07B68284A934208D1FB68274A13403E
:10359000FB603B68DB68FA681343FB60FB688022D2
:1035A00093431A003B685B691343FB607B68FA68CE
:1035B0001A603B689A687B68DA623B681A687B68C5
:1035C0009A627B68134A93420BD07B68144A9342F9
:1035D00007D07B68134A934203D07B68124A934218
:1035E00003D13B681A697B681A637B6801225A61C0
:1035F0007B681B6901221340012B06D17B681B6984
:10360000012293431A007B681A61C046BD4604B08C
:1036100080BDC046002C0140000400400020004056
:10362000004001400044014000480140FFFCFFFF12
:1036300080B582B000AF7860C046BD4602B080BDA4
:1036400080B582B000AF7860C046BD4602B080BD94
:1036500080B582B000AF78607B68002B01D1012378
:1036600044E07B68DB6F002B07D17B687822002168
:1036700099547B68180007F07DFA7B682422DA678A
:103680007B681B681A687B681B6801218A431A6083
:103690007B685B6A002B03D07B68180000F0DCFCC1
:1036A0007B68180000F098FB0300012B01D1012377
:1036B0001CE07B681B685A687B681B680D490A40E0
:1036C0005A607B681B689A687B681B6808218A437C
:1036D0009A607B681B681A687B681B6801210A4333
:1036E0001A607B68180000F06BFD03001800BD46EF
:1036F00002B080BDFFF7FFFF80B588B000AFF86073
:10370000B960BB1D1A80FB68DB6F202B00D077E00F
:10371000BB68002B03D0BB1D1B88002B01D10123EC
:103720006FE0FB689A6880235B019A4209D1FB68CD
:103730001B69002B05D1BB680122134001D0012376
:103740005FE0FB68BA68DA64FB68BA1D5021128832
:103750005A52FB68BA1D522112885A52FB688422C1
:1037600000219950FB682122DA67FB681B6F002B50
:1037700027D0FB681B6F254A9A62FB681B6F244A9F
:10378000DA62FB681B6F234A1A63FB681B6F002217
:103790005A63FB68186FFB68DB6C1900FB681B68D9
:1037A00028331A00BB1D1B88FDF7D2FA031E08D070
:1037B000FB68842210219950FB682022DA670123DC
:1037C0001FE0FB681B6840221A62EFF310833B6125
:1037D0003B69FB6101237B617B6983F31088C046F1
:1037E000FB681B689A68FB681B6880210A439A6023
:1037F000FB69BB61BB6983F31088C046002300E00E
:1038000002231800BD4608B080BDC04641460008EE
:10381000D54600086348000890B5ABB000AF7860AB
:103820007B681B68DB69A422B9180B607B681B6886
:103830001B68A02039180B607B681B689B689C2163
:1038400079180B601100BB181B68994A1340982225
:10385000BC182360BB181B68002B14D17B181B6895
:10386000202213400FD03B181B68202213400AD09F
:103870007B689B6E002B00D186E27B689B6E7A682A
:103880001000984780E29823FB181B68002B00D19A
:1038900014E19C23FB181B680122134006D1A023CE
:1038A000FB181B68834A134000D107E1A423FB18CF
:1038B0001B680122134012D0A023FB181A68802332
:1038C0005B0013400BD07B681B6801221A627B6887
:1038D00084229B5801221A437B6884215A50A423D6
:1038E000FB181B680222134011D09C23FB181B6895
:1038F000012213400BD07B681B6802221A627B688E
:1039000084229B5804221A437B6884215A50A423A2
:10391000FB181B680422134011D09C23FB181B6862
:10392000012213400BD07B681B6804221A627B685B
:1039300084229B5802221A437B6884215A50A42374
:10394000FB181B680822134017D0A023FB181B6824
:103950002022134005D19C23FB181B680122134031
:103960000BD07B681B6808221A627B6884229B58F4
:1039700008221A437B6884215A50A423FB181A6832
:1039800080231B01134013D0A023FB181A68802347
:10399000DB0413400CD07B681B68802212011A6282
:1039A0007B6884229B5820221A437B6884215A50CA
:1039B0007B6884229B58002B00D1E7E1A423FB18ED
:1039C0001B68202213400ED0A023FB181B68202266
:1039D000134008D07B689B6E002B04D07B689B6EE5
:1039E0007A68100098477B6884229B5894217A1843
:1039F00013607B681B689B6840221340402B04D0F7
:103A00007B181B682822134047D07B68180000F001
:103A1000B3FD7B681B689B6840221340402B37D165
:103A2000EFF310833B663B6E90203A18136001233E
:103A30007B667B6E83F31088C0467B681B689A6840
:103A40007B681B6840218A439A603B181B68BB66F1
:103A5000BB6E83F31088C0467B685B6F002B12D06F
:103A60007B685B6F144A5A637B685B6F1800FDF7D5
:103A70000DFA031E1AD07B685B6F5A6B7B685B6F15
:103A80001800904712E07B68180004F0D1FB0DE0AD
:103A90007B68180004F0CCFB08E07B68180004F099
:103AA000C7FB7B688422002199506FE1C0466DE11D
:103AB0000F08000020010004E74800087B681B6E27
:103AC000012B00D039E1A423FB181B6810221340FE
:103AD00000D132E1A023FB181B681022134000D153
:103AE0002BE17B681B6810221A627B681B689B684D
:103AF00040221340402B00D09FE07B685B6F1B6827
:103B00005A687E217B181A807B181B88002B00D1F5
:103B10003EE17B6858229B5A7A1812889A4200D359
:103B200036E17B687A185A2112885A527B685B6F9B
:103B30009B69202B6FD0EFF310833B633B6BBB671C
:103B400001237B637B6B83F31088C0467B681B6813
:103B50001A687B681B6892490A401A60BB6FBB6396
:103B6000BB6B83F31088C046EFF31083FB63FB6BE2
:103B70007B6701233B643B6C83F31088C0467B6802
:103B80001B689A687B681B6801218A439A607B6F77
:103B90007B647B6C83F31088C046EFF31083BB64B7
:103BA000BB6C3B670123FB64FB6C83F31088C0464E
:103BB0007B681B689A687B681B6840218A439A600F
:103BC0003B6F3B653B6D83F31088C0467B6880226A
:103BD000202199507B6800221A66EFF310837B65E1
:103BE0007B6DFB660123BB65BB6D83F31088C0460C
:103BF0007B681B681A687B681B6810218A431A60FF
:103C0000FB6EFB65FB6D83F31088C0467B685B6FC2
:103C10001800FDF703F97B6802225A667B68582278
:103C20009A5A7B685A215B5A9BB2D31A9AB27B6824
:103C30001100180004F080FAAAE07B685822995A13
:103C40007B685A229B5A9AB28E203B188A1A1A8095
:103C50007B685A229B5A9BB2002B00D19AE03B18FA
:103C60001B88002B00D195E0EFF31083FB60FB680D
:103C700088243A19136001233B613B6983F3108860
:103C8000C0467B681B681A687B681B6845490A4008
:103C90001A603B191B687B617B6983F31088C046FF
:103CA000EFF31083BB61BB6984243A1913600123CD
:103CB000FB61FB6983F31088C0467B681B689A68C8
:103CC0007B681B6801218A439A603B191B683B6231
:103CD0003B6A83F31088C0467B688022202199507C
:103CE0007B6800221A667B6800229A66EFF31083D5
:103CF0007B627B6A80243A1913600123BB62BB6A32
:103D000083F31088C0467B681B681A687B681B6851
:103D100010218A431A603B191B68FB62FB6A83F31C
:103D20001088C0467B6802225A663B181A887B6856
:103D30001100180004F000FA2CE0A423FB181B6803
:103D4000802213400FD0A023FB181B688022134051
:103D500009D07B68DB6E002B1ED07B68DB6E7A6837
:103D60001000984718E0A423FB181B68402213405A
:103D700013D0A023FB181B68402213400DD07B6892
:103D8000180000F0C7FD08E0C04606E0C04604E0A9
:103D9000C04602E0C04600E0C046BD462BB090BD24
:103DA000FFFEFFFFDFFEFFFF80B582B000AF78604F
:103DB000C046BD4602B080BD80B582B000AF78601D
:103DC000C046BD4602B080BD80B582B000AF78600D
:103DD000C046BD4602B080BD80B588B000AF7860F7
:103DE0001E23FB1800221A707B689A687B681B6987
:103DF0001A437B685B691A437B68DB6913437B6109
:103E00007B681B681B688D4A134019007B681B6820
:103E10007A690A431A607B681B685B68884A1340AA
:103E200019007B68DA687B681B680A435A607B6804
:103E30009B697B617B681B6A7A6913437B617B6842
:103E40001B689B687F4A134019007B681B687A696E
:103E50000A439A607B681B687B4A934227D17B4B5D
:103E60001B6B03221340032B0DD01BD8022B14D045
:103E700018D8002B02D0012B0AD013E01F23FB1807
:103E800000221A7021E01F23FB1802221A701CE086
:103E90001F23FB1804221A7017E01F23FB180822A7
:103EA0001A7012E01F23FB1810221A700DE07B68B5
:103EB0001B68674A934204D11F23FB1800221A7023
:103EC00003E01F23FB1810221A707B68DA69802335
:103ED0001B029A425CD11F23FB181B78082B15D0BC
:103EE00018DC042B0DD015DC002B02D0022B05D0E2
:103EF00010E0FEF7EFF80300BB6112E0554BBB6129
:103F00000FE0FEF787F80300BB610AE080231B0285
:103F1000BB6106E00023BB611E23FB1801221A705F
:103F2000C046BB69002B00D17AE0BB695A007B68B0
:103F30005B685B08D2187B685B6819001000FCF7AF
:103F4000F5F803003B613B690F2B1CD93A698023CC
:103F50005B029A4217D23B699AB20E203B180F219E
:103F60008A431A803B695B089BB20722134099B2CF
:103F70003B183A1812880A431A807B681B683A1863
:103F80001288DA604CE01E23FB1801221A7047E009
:103F90001F23FB181B78082B15D018DC042B0DD021
:103FA00015DC002B02D0022B05D010E0FEF792F8B2
:103FB0000300BB6112E0274BBB610FE0FEF72AF85C
:103FC0000300BB610AE080231B02BB6106E0002303
:103FD000BB611E23FB1801221A70C046BB69002B6F
:103FE0001ED07B685B685A08BB69D2187B685B6827
:103FF00019001000FCF79AF803003B613B690F2B96
:104000000AD93A6980235B029A4205D23B699AB287
:104010007B681B68DA6003E01E23FB1801221A701C
:104020007B6800229A667B680022DA661E23FB18F2
:104030001B781800BD4608B080BDC046F369FFFF7D
:10404000FFCFFFFFFFF4FFFF0038014000100240E8
:104050000044004000127A0080B582B000AF786062
:104060007B685B6A082213400BD07B681B685B6827
:104070004A4A134019007B685A6B7B681B680A43E5
:104080005A607B685B6A012213400BD07B681B6817
:104090005B68434A134019007B689A6A7B681B6817
:1040A0000A435A607B685B6A022213400BD07B682C
:1040B0001B685B683B4A134019007B68DA6A7B68BF
:1040C0001B680A435A607B685B6A042213400BD06A
:1040D0007B681B685B68344A134019007B681A6B65
:1040E0007B681B680A435A607B685B6A1022134036
:1040F0000BD07B681B689B682C4A134019007B68B7
:104100009A6B7B681B680A439A607B685B6A202213
:1041100013400BD07B681B689B68254A134019002D
:104120007B68DA6B7B681B680A439A607B685B6A12
:10413000402213401DD07B681B685B681D4A1340FA
:1041400019007B681A6C7B681B680A435A607B689D
:104150001A6C80235B039A420BD17B681B685B68F7
:10416000154A134019007B685A6C7B681B680A4328
:104170005A607B685B6A802213400BD07B681B68A7
:104180005B680E4A134019007B689A6C7B681B6859
:104190000A435A60C046BD4602B080BDFF7FFFFFA4
:1041A000FFFFFDFFFFFFFEFFFFFFFBFFFFEFFFFF36
:1041B000FFDFFFFFFFFFEFFFFFFF9FFFFFFFF7FFA7
:1041C00080B592B002AF78607B688422002199505C
:1041D000FCF750FC0300FB637B681B681B6808222C
:1041E0001340082B2CD1FB6B802291037868464A40
:1041F0000092002200F08CF8031E21D0EFF3108310
:104200007B627B6ABB630123BB62BB6A83F310885A
:10421000C0467B681B681A687B681B6880218A43DC
:104220001A60BB6BFB62FB6A83F31088C0467B6835
:104230002022DA677B6878220021995403235FE00B
:104240007B681B681B6804221340042B46D1FB6B60
:104250008022D10378682C4A0092002200F058F89E
:10426000031E3BD0EFF31083FB60FB687B630123ED
:104270003B613B6983F31088C0467B681B681A6802
:104280007B681B6821490A401A607B6B7B617B69F4
:1042900083F31088C046EFF31083BB61BB693B63B7
:1042A0000123FB61FB6983F31088C0467B681B68B0
:1042B0009A687B681B6801218A439A603B6B3B626A
:1042C0003B6A83F31088C0467B6880222021995086
:1042D0007B68782200219954032311E07B68202217
:1042E000DA677B688022202199507B6800221A6659
:1042F0007B6800225A667B6878220021995400234B
:104300001800BD4610B080BDFFFFFF01DFFEFFFFBC
:1043100080B584B000AFF860B9603B60FB1D1A70D7
:1043200051E0BB6901334ED0FCF7A4FB02003B68AF
:10433000D31ABA699A4202D3BB69002B01D1032375
:1043400051E0FB681B681B68042213403BD0BB682C
:10435000802B38D0BB68402B35D0FB681B68DB69ED
:1043600008221340082B11D1FB681B6808221A622F
:10437000FB68180000F000F9FB68842208219950BE
:10438000FB6878220021995401232CE0FB681B680C
:10439000DA6980231B011A4080231B019A4212D143
:1043A000FB681B68802212011A62FB68180000F08B
:1043B000E3F8FB68842220219950FB6878220021D1
:1043C000995403230FE0FB681B68DB69BA6813404C
:1043D000BA68D31A5A425341DBB21A00FB1D1B784C
:1043E0009A429ED000231800BD4604B080BD000054
:1043F00080B590B000AFF860B960BB1D1A80FB6853
:10440000BA685A65FB68BA1D582112885A52FB686F
:10441000842200219950FB68802222219950FB6858
:104420005B6F002B28D0FB685B6F3E4A9A62FB688B
:104430005B6F3D4ADA62FB685B6F3C4A1A63FB685C
:104440005B6F00225A63FB68586FFB681B6824335C
:104450001900FB685B6D1A00BB1D1B88FCF778FC1C
:10446000031E09D0FB68842210219950FB6880222A
:1044700020219950012350E0FB681B69002B19D0C3
:10448000EFF31083BB62BB6AFB630123FB62FB6A31
:1044900083F31088C046FB681B681A68FB681B68BA
:1044A000802149000A431A60FB6B3B633B6B83F33B
:1044B0001088C046EFF310833B613B69BB63012367
:1044C0007B617B6983F31088C046FB681B689A6830
:1044D000FB681B6801210A439A60BB6BBB61BB6927
:1044E00083F31088C046EFF31083FB61FB697B63A5
:1044F00001233B623B6A83F31088C046FB681B685C
:104500009A68FB681B6840210A439A607B6B7B6258
:104510007B6A83F31088C04600231800BD4610B0A4
:1045200080BDC046F54600082148000863480008E1
:1045300080B586B000AF7860EFF31083BB60BB68D6
:104540007B610123FB60FB6883F31088C0467B68B6
:104550001B681A687B681B68C0218A431A607B69E4
:104560003B613B6983F31088C0467B682022DA6791
:10457000C046BD4606B080BD80B58EB000AF786045
:10458000EFF310837B617B697B630123BB61BB69B4
:1045900083F31088C0467B681B681A687B681B68B9
:1045A00026490A401A607B6BFB61FB6983F3108824
:1045B000C046EFF310833B623B6A3B6301237B629F
:1045C0007B6A83F31088C0467B681B689A687B68A7
:1045D0001B6801218A439A603B6BBB62BB6A83F311
:1045E0001088C0467B681B6E012B18D1EFF3108337
:1045F000BB60BB68FB620123FB60FB6883F3108830
:10460000C0467B681B681A687B681B6810218A4358
:104610001A60FB6A3B613B6983F31088C0467B6884
:104620008022202199507B6800221A667B68002234
:104630009A66C046BD460EB080BDC046DFFEFFFF95
:1046400080B58CB000AF78607B685B6AFB627B688A
:104650009B69202B35D0FB6A522200219952EFF33F
:104660001083FB60FB68BB6201233B613B6983F302
:104670001088C046FB6A1B689A68FB6A1B68802129
:104680008A439A60BB6A7B617B6983F31088C0466A
:10469000EFF31083BB61BB697B620123FB61FB69A4
:1046A00083F31088C046FB6A1B681A68FB6A1B68A4
:1046B00040210A431A607B6A3B623B6A83F310889D
:1046C00004E0FB6A180003F093FDC046C046BD46F7
:1046D0000CB080BD80B584B000AF78607B685B6A49
:1046E000FB60FB681800FFF75FFBC046BD4604B0E7
:1046F00080BD000080B594B000AF78607B685B6AD5
:10470000FB647B689B69202B6FD0FB6C5A220021D5
:104710009952EFF31083BB61BB69BB640123FB615A
:10472000FB6983F31088C046FB6C1B681A68FB6C3E
:104730001B683A490A401A60BB6C3B623B6A83F3D0
:104740001088C046EFF310837B627B6A7B64012391
:10475000BB62BB6A83F31088C046FB6C1B689A6817
:10476000FB6C1B6801218A439A607B6CFB62FB6ACD
:1047700083F31088C046EFF310833B633B6B3B64CD
:1047800001237B637B6B83F31088C046FB6C1B6843
:104790009A68FB6C1B6840218A439A603B6CBB6340
:1047A000BB6B83F31088C046FB6C8022202199509C
:1047B000FB6C1B6E012B18D1EFF31083FB60FB68C1
:1047C000FB6301233B613B6983F31088C046FB6CAC
:1047D0001B681A68FB6C1B6810218A431A60FB6B0C
:1047E0007B617B6983F31088C046FB6C00225A66AC
:1047F000FB6C1B6E012B08D1FB6C58229A5AFB6C88
:104800001100180003F098FC03E0FB6C1800FFF7A0
:10481000D3FAC046BD4614B080BDC046FFFEFFFFC0
:1048200080B584B000AF78607B685B6AFB60FB6832
:1048300001225A66FB681B6E012B0AD1FB685822C5
:104840009B5A5B089AB2FB681100180003F074FCD5
:1048500003E0FB681800FFF7B7FAC046BD4604B096
:1048600080BD80B586B000AF78607B685B6A7B6195
:104870007B69DB6F3B617B6980229B58FB607B69B6
:104880001B689B6880221340802B0AD13B69212B37
:1048900007D17B695222002199527B691800FFF7EA
:1048A00047FE7B691B689B6840221340402B0AD15E
:1048B000FB68222B07D17B695A22002199527B6920
:1048C0001800FFF759FE7B6984229B5810221A4377
:1048D0007B6984215A507B69180003F0A9FCC0460B
:1048E000BD4606B080BD80B584B000AF78607B68FF
:1048F0005B6AFB60FB685A2200219952FB685222D6
:1049000000219952FB68180003F092FCC046BD4696
:1049100004B080BD80B586B000AF7860EFF310833F
:10492000BB60BB687B610123FB60FB6883F310887D
:10493000C0467B681B681A687B681B6840218A43F5
:104940001A607B693B613B6983F31088C0467B68D2
:104950002022DA677B680022DA667B68180003F0A1
:1049600047FCC046BD4606B080BDB0B58AB000AFBA
:10497000F860B960BB1D1A80FB6880229B58202B11
:1049800056D1BB68002B03D0BB1D1B88002B01D167
:1049900001234EE0FB689A6880235B019A4209D1AB
:1049A000FB681B69002B05D1BB680122134001D0B5
:1049B00001233EE0FB6801221A66FB6800225A666A
:1049C00027257C19BB1D1A88B968FB681800FFF7FA
:1049D0000FFD030023707B191B78002B24D1FB688B
:1049E0001B6E012B1CD1FB681B6810221A62EFF3AF
:1049F00010837B617B693B620123BB61BB6983F3ED
:104A00001088C046FB681B681A68FB681B68102189
:104A10000A431A603B6AFB61FB6983F3108803E079
:104A20002723FB1801221A702723FB181B7800E0AC
:104A300002231800BD460AB0B0BD80B584B000AFF7
:104A4000786039600A23FB1804221A7009217B1848
:104A500006221A703B68FB600B203B1800221A707C
:104A60007B181B78013BDAB23B181A7011E07B68A7
:104A70001A680B203B181B785BB2D218FB68591CD4
:104A8000F96012781A703B181B78013BDAB23B18B8
:104A90001A700B217B181B787F2BE8D9FB685A1CF6
:104AA000FA6042221A700A23FB181B78013BDAB223
:104AB0007B181A7011E07B689A680B203B181B78F2
:104AC0005BB2D218FB68591CF96012781A703B1857
:104AD0001B78013BDAB23B181A700B22BB181B780B
:104AE0007F2BE8D9BB1800221A7014E07B689B89E1
:104AF0001A000B203B181B785BB2DB001A41110037
:104B0000FB685A1CFA60CAB21A703B181B78013352
:104B1000DAB23B181A700B217B181B785BB2012BA1
:104B2000E4DD0A23FB181B78013BDAB27B181A700C
:104B300011E07B681A690B203B181B785BB2D21816
:104B4000FB68591CF96012781A703B181B78013BFE
:104B5000DAB23B181A700B22BB181B787F2BE8D9EE
:104B6000BB1800221A7014E07B689B8A1A000B2085
:104B70003B181B785BB2DB001A411100FB685A1C22
:104B8000FA60CAB21A703B181B780133DAB23B18CC
:104B90001A700B217B181B785BB2012BE4DD0A2312
:104BA000FB181B78013BDAB27B181A7011E07B68A6
:104BB0009A690B203B181B785BB2D218FB68591C12
:104BC000F96012781A703B181B78013BDAB23B1877
:104BD0001A700B217B181B787F2BE8D9FB685A1CB5
:104BE000FA607A68127F1A707B1800221A7013E03C
:104BF0007B681A6A0B203B181B785BB2DB00DA403B
:104C00001100FB685A1CFA60CAB21A703B181B7874
:104C10000133DAB23B181A700B203B181B785BB2D9
:104C2000022BE5DDFB685A1CFA607A682421525C8D
:104C30001A703B1800221A700BE0FB685A1CFA60CD
:104C400000221A700B217B181B780133DAB27B1813
:104C50001A700B217B181B785BB2022BEDDD0A2347
:104C6000FB181B78013BDAB27B181A7011E07B68E5
:104C70005A680B203B181B785BB2D218FB68591C92
:104C8000F96012781A703B181B78013BDAB23B18B6
:104C90001A700B23FB181B787F2BE8D9FA683B6846
:104CA000D31A1800BD4604B080BD80B586B000AFF1
:104CB000F860B9607A603B60FB6800221A61FB68AB
:104CC00000225A61FB687A685A607B685A08FB6860
:104CD000DA60FB68BA681A60FB6800229A61FB68B8
:104CE0000022DA617868FBF7ADFA03001A00172199
:104CF0007B181A707B181B78013301225242DA406C
:104D0000FB689A60C046BD4606B080BD80B582B0E3
:104D100000AF786039607B689B683A681340180080
:104D2000BD4602B080BD80B588B000AFF860B96004
:104D30007A607B68002B01D1002342E0FB681800F9
:104D400000F099F80300FB617A68FB699A4201D987
:104D5000002336E0FB681A69FB6811001800FFF7B2
:104D6000D5FF0300BB61FB681A697B68D218FB683A
:104D70001A61FB685A68BB69D21A7B68934200D9F2
:104D800013007B61FB681A68BB69D3187A69B9683C
:104D9000180006F07BF87A687B699A420AD0FB68B3
:104DA0001868BA687B69D1187A687B69D31A1A00C7
:104DB00006F06CF8FB689A697B68D218FB689A6108
:104DC000FB691800BD4608B080BD80B586B000AF55
:104DD000F860B9607A607B68002B01D1002346E05F
:104DE000FB68180000F057F802007B68934205D377
:104DF000FB68180000F04FF8030000E07B687B6060
:104E0000FB685A69FB6811001800FFF77FFF030079
:104E10007B61FB685A687B69D21A7B68934200D930
:104E200013003B61FB681A687B69D1183A69BB685B
:104E3000180006F02BF87A683B699A420AD0BA68E3
:104E40003B69D018FB6819687A683B69D31A1A0065
:104E500006F01CF8FB685A697B68D218FB685A6137
:104E6000FB68DA697B68D218FB68DA617B68180036
:104E7000BD4606B080BD90B583B000AF78607B685A
:104E80005C687B68180000F006F80300E31A18005D
:104E9000BD4603B090BD80B582B000AF78607B683E
:104EA0001A697B685B69D31A1800BD4602B080BDE1
:104EB00080B582B000AFBB1D00221A70FB1D00221E
:104EC0001A701EE0BB1D1978FB1D1B780322180009
:104ED00000F082FDBB1DBA1D127803321A70BB1D93
:104EE0001978FB1D1B780322180000F09AFDBB1DEA
:104EF000BA1D127803321A70FB1DFA1D12780132A6
:104F00001A70FB1D1B78072BDCD9C046C046BD4676
:104F100002B080BDB0B586B000AF78600800110067
:104F2000BB1C021C1A803B000A1C1A80062000F0E1
:104F30009DFD00F01DF9644B00225A76624B002261
:104F4000DA76614BFF229A761723FB1800221A703B
:104F500015257C1900F0F0F8030023707B191B78ED
:104F6000012B0FD117243B193A19127801321A700C
:104F7000FA235B001800FBF787FD3B191B78132B06
:104F8000E6D900E0C0461723FB181B78132B01D984
:104F9000002395E0012000F09BFC031E02D064205A
:104FA000FBF772FD16243B1900221A70BB1C1B88EC
:104FB000002B00D17EE00321002000F0B9F9BB1CDA
:104FC0001B881900002000F005FA002000F098FB73
:104FD0003C19002000F0D4FB030023701723FB18BA
:104FE00001221A702DE017203B181A7814257B191E
:104FF00035498A18127C1A703B18197812243B190B
:10500000314A49008A5A1A807B191B78002B12D02A
:105010003B191B88002B0ED03B191A8804003B1843
:105020001B781100180000F0D5F93B191B780321FB
:10503000180000F07DF91722BB18BA181278013257
:105040001A7017243B191B78062BCCD93B19072261
:105050001A703B191B780221180000F069F90C2125
:105060007B18012252421A607A183B191B781100F2
:10507000180000F023F921003B191A78124B520056
:10508000D25A0C007B181B781100180000F074F93C
:1050900021007B181A780C4B5200D25A0C007B1856
:1050A0001B781100180000F095F93B191B781800C7
:1050B00000F026FB1623FB181B785A425341DBB243
:1050C0001800BD4606B0B0BD1000002080B500AF8E
:1050D000052000F019FD054B1868044B9B88012240
:1050E0001900FCF792FBC046BD4680BD2C0600208F
:1050F000B0B584B000AF0200FB1D1A70062000F0AE
:1051000003FDFB1D1B78180000F026FD0F257C1900
:1051100000F034FD03002370064B1868054B9B8894
:1051200001221900FCF771FB7B191B781800BD46A2
:1051300004B0B0BD2C06002090B583B000AF26208F
:1051400000F0E2FCFC1D00F019FD03002370074B8A
:105150001868064B9B8801221900FCF756FBFB1DC3
:105160001B781800BD4603B090BDC0462C06002039
:1051700090B583B000AFFB1D00221A70BB1D00224A
:105180001A70272000F0C0FC114B1868104B9B8848
:1051900001221900FCF739FB0A20FBF775FCBC1D46
:1051A00000F018F803002370BB1D1B78102B08D1EA
:1051B000FB1D1B78FA1D591C1170C82BECD9FA2362
:1051C00002E0C046BB1D1B781800BD4603B090BD71
:1051D0002C06002090B583B000AF2C2000F094FC8A
:1051E000FC1D00F0CBFC03002370074B1868064B36
:1051F0009B8801221900FCF708FBFB1D1B78180097
:10520000BD4603B090BDC0462C06002090B585B0C9
:1052100000AF7860402000F077FC0F23FB180022DD
:105220001A700CE07C68631C7B6000F0A7FC030034
:1052300023700F217B181A787B1801321A700F2304
:10524000FB181B78052BEDD9054B1868044B9B8880
:1052500001221900FCF7D9FAC046BD4605B090BD41
:105260002C06002090B585B000AF7860282000F0B3
:105270004BFC0F23FB1800221A700CE07C68631CA7
:105280007B6000F07BFC030023700F217B181A78F1
:105290007B1801321A700F23FB181B78072BEDD9EE
:1052A000054B1868044B9B8801221900FCF7ADFAE6
:1052B000C046BD4605B090BD2C06002080B582B02A
:1052C00000AF02003960FB1D1A70312000F01CFC99
:1052D000FB1D1B78180000F03FFC3B685A1C3A602D
:1052E0001B78180000F038FC3B685A1C3A601B78A9
:1052F000180000F031FC3B685A1C3A601B7818001B
:1053000000F02AFC3B685A1C3A601B78180000F039
:1053100023FC064B1868054B9B8801221900FCF7FB
:1053200074FAC046BD4602B080BDC0462C060020BF
:1053300080B582B000AF0200FB1D1A70BB1D0A1CB5
:105340001A70342000F0E0FBFB1D1B78180000F001
:1053500003FCBB1D1B78180000F0FEFB054B186812
:10536000044B9B8801221900FCF74FFAC046BD464A
:1053700002B080BD2C06002080B582B000AF0200D4
:10538000FB1D1A703B1D0A1C1A80322000F0BCFB6A
:10539000FB1D1B78180000F0DFFB3B1D1B88DBB2F8
:1053A000180000F0D9FB3B1D1B881B0A9BB2DBB227
:1053B000180000F0D1FB064B1868054B9B880122B2
:1053C0001900FCF722FAC046BD4602B080BDC046B7
:1053D0002C06002080B582B000AF0200FB1D1A70C1
:1053E0003B1D0A1C1A80332000F08EFBFB1D1B782E
:1053F000180000F0B1FB3B1D1B88DBB2180000F069
:10540000ABFB3B1D1B881B0A9BB2DBB2180000F0F4
:10541000A3FB064B1868054B9B8801221900FCF77B
:10542000F4F9C046BD4602B080BDC0462C0600203F
:1054300080B584B000AF39601100FB1D021C1A70EA
:105440003B1D0A1C1A8002E00A20FBF71DFB2D4BB6
:10545000DB7EDBB21A00FB1D1B781A411300012210
:105460001340F1D0274BDB7EDBB25BB2FA1D127822
:10547000012191400A0052B2D24352B213405BB2B2
:10548000DAB2204BDA76392000F03EFBFB1D1B78A8
:10549000180000F061FB3B1D1B88DBB2180000F018
:1054A0005BFB3B1D1B881B0A9BB2DBB2180000F0A4
:1054B00053FB022000F0A6FB0E23FB1800221A80EB
:1054C0000DE03B681B78180000F046FB3B68013399
:1054D0003B600E217B181A887B1801321A800E233C
:1054E000FA183B1D12881B889A42EAD3064B1868AB
:1054F000054B9B8801221900FCF787F9C046BD4681
:1055000004B080BD100000202C06002080B582B0C1
:1055100000AF0200FB1D1A703B1D0A1C1A803920C7
:1055200000F0F2FAFB1D1B78180000F015FB3B1D84
:105530001B88DBB2180000F00FFB3B1D1B881B0A09
:105540009BB2DBB2180000F007FB022000F05AFB10
:10555000C046BD4602B080BD80B584B000AF786063
:105560000A00BB1C1A800E23FB1800221A800DE0D3
:105570007B681B78180000F0EFFA7B6801337B60D2
:105580000E22BB18BA18128801321A800E23FA189C
:10559000BB1C12881B889A42EAD3C046C046BD464F
:1055A00004B080BD80B500AF054B1868044B9B88E4
:1055B00001221900FCF729F9C046BD4680BDC0464E
:1055C0002C06002090B585B000AF0200FB1D1A70BC
:1055D0003B2000F099FAFB1D1B78180000F0BCFA84
:1055E00000F0CCFA03001A000E243B191A8000F0D8
:1055F000C5FA03009BB21B0299B23B193A191288F3
:105600008A181A80064B1868054B9B8801221900DE
:10561000FCF7FBF83B191B881800BD4605B090BD90
:105620002C06002080B582B000AF0200FB1D1A706E
:105630002E2000F069FAFB1D1B78180000F08CFA90
:10564000054B1868044B9B8801221900FCF7DDF814
:10565000C046BD4602B080BD2C06002080B584B097
:1056600000AF3A60FB1D021C1A703B1D0A1C1A8019
:105670003B1D1B88002B3CD03C2000F045FAFB1D55
:105680001B78180000F068FA3B1D1B88DBB218007D
:1056900000F062FA3B1D1B881B0A9BB2DBB21800AC
:1056A00000F05AFA012000F0ADFA0E23FB18002298
:1056B0001A800EE000F062FA03001A003B681A70CC
:1056C0003B6801333B600E217B181A887B1801323E
:1056D0001A800E23FA183B1D12881B889A42E9D3C0
:1056E000064B1868054B9B8801221900FCF78DF8C2
:1056F00000E0C046BD4604B080BDC0462C06002078
:10570000B0B584B000AF0200FB1D1A700F23FB1868
:1057100000221A700E23FB1800221A70352000F0A8
:10572000F3F9FB1D1B78180000F016FA134B1868EC
:10573000124B9B8801221900FCF767F80520FBF744
:10574000A3F90E257C19FFF745FD030023707B1993
:105750001B78102B09D10F22BB181B78BA18591CC3
:105760001170C82BEAD9FA2303E0C0460E23FB18B8
:105770001B781800BD4604B0B0BDC0462C06002002
:10578000B0B584B000AF0200FB1D1A700F23FB18E8
:1057900000221A700E23FB1800221A70362000F027
:1057A000B3F9FB1D1B78180000F0D6F9134B1868ED
:1057B000124B9B8801221900FCF727F80520FBF704
:1057C00063F90E257C19FFF705FD030023707B1993
:1057D0001B78102B09D10F22BB181B78BA18591C43
:1057E0001170C82BEAD9FA2303E0C0460E23FB1838
:1057F0001B781800BD4604B0B0BDC0462C06002082
:10580000B0B584B000AF0200FB1D1A700F23FB1867
:1058100000221A700E23FB1800221A70382000F0A4
:1058200073F9FB1D1B78180000F096F9134B1868EC
:10583000124B9B8801221900FBF7E7FF0520FBF7BD
:1058400023F90E257C19FFF7C5FC030023707B1993
:105850001B78102B09D10F22BB181B78BA18591CC2
:105860001170C82BEAD9FA2303E0C0460E23FB18B7
:105870001B781800BD4604B0B0BDC0462C06002001
:10588000B0B584B000AF0200FB1D1A70302000F0EC
:105890003BF9FB1D1B78180000F05EF9022000F0B8
:1058A000B1F90F257C1900F069F903002370074B4B
:1058B0001868064B9B8801221900FBF7A6FF7B198D
:1058C0001B781800BD4604B0B0BDC0462C060020B1
:1058D000B0B584B000AF0200FB1D1A700F23FB1897
:1058E00000221A70412000F00FF9FB1D1B781800F0
:1058F00000F032F9134B1868124B9B8801221900F3
:10590000FBF783FF1420FBF7BFF80E257C19FFF788
:1059100061FC030023707B191B78102B09D10F2227
:10592000BB181B78BA18591C1170C82BEAD9FA2376
:1059300003E0C0460E23FB181B781800BD4604B0D8
:10594000B0BDC0462C06002090B583B000AF422009
:1059500000F0DAF8FC1D00F011F903002370074B8A
:105960001868064B9B8801221900FBF74EFFFB1DB0
:105970001B781800BD4603B090BDC0462C06002021
:1059800090B585B000AF7860432000F0BDF80F23DC
:10599000FB1800221A700CE07C68631C7B6000F02E
:1059A000EDF8030023700F217B181A787B18013261
:1059B0001A700F23FB181B78132BEDD9054B1868B1
:1059C000044B9B8801221900FBF71FFFC046BD4610
:1059D00005B090BD2C06002090B583B000AF040048
:1059E00008001100FB1D221C1A70BB1D021C1A703E
:1059F0007B1D0A1C1A70522000F086F8FB1D1B78D4
:105A0000180000F0A9F8BB1D1B78180000F0A4F8DE
:105A10007B1D1B78180000F09FF8C046BD4603B000
:105A200090BD90B583B000AF040008001100FB1DCD
:105A3000221C1A70BB1D021C1A707B1D0A1C1A70D6
:105A4000532000F061F8FB1D1B78180000F084F86B
:105A5000BB1D1B78180000F07FF87B1D1B78180019
:105A600000F07AF8C046BD4603B090BD80B582B064
:105A700000AF7860552000F047F87B68DBB2180073
:105A800000F06AF87B689BB21B0A9BB2DBB218007D
:105A900000F062F87B681B0CDBB2180000F05CF8C9
:105AA0007B681B0EDBB2180000F056F8C046BD46FE
:105AB00002B080BD80B582B000AF192000F024F89C
:105AC000022000F09FF800F059F803001A00BB1DF7
:105AD0001A8000F053F803009BB21B0299B2BB1D61
:105AE000BA1D12888A181A80064B1868054B9B88C5
:105AF00001221900FBF789FEBB1D1B881800BD465B
:105B000002B080BD2C06002080B582B000AF02003C
:105B1000FB1D1A700E4B18680D4B9B880122190053
:105B2000FBF773FE0A4B1868094B9B88002219008B
:105B3000FBF76BFEF91D074864230122FCF798FB75
:105B4000022000F05FF8C046BD4602B080BDC046EE
:105B50002C060020001A002080B582B000AF0200A1
:105B6000FB1D1A70F91D044864230122FCF780FB19
:105B7000C046BD4602B080BD001A002080B582B08C
:105B800000AFF91D054864230122FCF7D1FCFB1D81
:105B90001B781800BD4602B080BDC046001A002028
:105BA00080B582B000AF78607868134B1B6808221C
:105BB000190005F09FF97B680A3360220021180064
:105BC00005F06DF97B68083302220021180005F00A
:105BD00066F97B686A22502199527B686C225021B9
:105BE00099527B686E2205499952054B01221A7021
:105BF000C046BD4602B080BD34060020DC05000072
:105C0000CC06002080B584B000AF78607A681300BD
:105C1000DB009B18DB00DB08FB6000E0C046FB6894
:105C2000013BFB60002BF9D1C046C046BD4604B025
:105C300080BD000080B582B000AF786039603B68FD
:105C40000A4A93420CD83B681A687B685A607B68A2
:105C50005B68013304D07B683A681A60012300E076
:105C600000231800BD4602B080BDC046FEFF0008FC
:105C700090B58DB000AFF860B9607A60BB685B68C2
:105C8000FB62BB681B68BB62BB681B687B6214213C
:105C90007B1800229A607B1800225A607B18002231
:105CA0001A60BB6A0433BB62FB6A013BFB62BB6ADE
:105CB0001A687B6AD31808333B623A6A7B68110022
:105CC0001800FAF721FA031E16D114217B183A6A3C
:105CD0001A60BB6A1A687B6AD31804331A687B6A35
:105CE000D3181A007B185A60BB6A1A687B6AD318EB
:105CF0001A687B189A6002E0FB6A002BD1DCFB6813
:105D00001422BA1813CA13C3F868BD460DB090BD6B
:105D100080B586B000AF786039607B681B683B61F6
:105D20007B681B68FB6000237B6115E03B690433E3
:105D30003B613B691A68FB68D3180833BB60BA68DB
:105D40003B6811001800FAF7DFF9031E01D10123A7
:105D500008E07B6901337B617B685B687A699A4202
:105D6000E4D300231800BD4606B080BD90B583B0D3
:105D700000AF78607B681B79022B12D07B685C1DBA
:105D80002000FAF7CBF90300E218084B10001900C5
:105D90000B231A0005F07AF87B68180001F0ECF884
:105DA00000E0C046BD4603B090BDC04668B10008E3
:105DB000B0B588B000AF78600C23FB183A4A1A607F
:105DC00000225A601F23FB1800221A702EE01F23A6
:105DD000FB181B783133DAB20C217B18DA707B1890
:105DE00000221A717A187B681100180001F0E0FD9A
:105DF0000300BB611E217B18FF221A70BB69002BB8
:105E000006D07C18BB69180001F01EFE0300237049
:105E10001F203B181B781422BA181E217918097804
:105E2000D1543B183A18127801321A701F23FB180C
:105E30001B78012BCBD91D257C191423FB180221BB
:105E4000180004F045F9030023707B681B79022BCE
:105E500012D17B191B785BB2002B06D1134A14496F
:105E60007B68180000F0B8FF1AE0124A10497B68FE
:105E7000180000F0B1FF13E01D23FB181B785BB284
:105E8000002B06D1094A7B68C821180000F0F6FDF6
:105E900006E0084A962359007B68180000F0EEFDE2
:105EA000C046BD4608B0B0BD73656C0074B1000853
:105EB00084B100088CB1000890B585B000AF78605F
:105EC0007B68FB6008243B190221180004F0CAF922
:105ED000FA681E4B1000190006231A0004F0D6FFC2
:105EE000FB680533FB603B191B783033DAB2FB6883
:105EF0001A70FB680133FB60FA68154B100019003B
:105F000007231A0004F0C2FFFB680633FB603B194D
:105F10005B783033DAB2FB681A70FB680133FB60E0
:105F2000FA680C4B1000190003231A0004F0AEFFAE
:105F3000FB680233FB60FB6800221A70FA687B681A
:105F4000D31A1800BD4605B090BDC046A0B10008E8
:105F5000A8B10008B0B1000880B584B000AF786087
:105F60000D4B1800FFF7A8FF0300FB607B681B794F
:105F7000022B06D1084A09497B68180000F02CFF63
:105F800005E0054A7B68C821180000F077FDC0468F
:105F9000BD4604B080BDC04610080020B4B1000862
:105FA00080B582B000AF78607B681B79022B06D188
:105FB000084A09497B68180000F00EFF05E0054A11
:105FC0007B68C821180000F059FDC046BD4602B0EC
:105FD00080BDC046C0B10008C8B1000880B582B01D
:105FE00000AF78607B681B79022B06D1084A09490B
:105FF0007B68180000F0F0FE05E0054A7B68C821C8
:10600000180000F03BFDC046BD4602B080BDC04652
:10601000D0B10008D8B10008B0B586B000AF786044
:106020000823FB18334A1A6000221A717B68282261
:106030009B5C002B12D17B681B79022B06D12E4A68
:106040002E497B68180000F0C7FE4FE02A4A9623CD
:1060500059007B68180000F011FD47E01723FB187A
:1060600001221A702CE017243B191B789AB20825DC
:106070007B1903331900100001F070FD7A197B6859
:106080001100180001F094FC03003B613B69002BF8
:1060900010D03B191B78013B1B0108331A00184B29
:1060A000D318023339690C22180004F023FF154B72
:1060B00001221A701722BB18BA18127801321A700E
:1060C0001723FB181B78062BCDD97B681B79022B75
:1060D00006D10D4A09497B68180000F07DFE05E0F5
:1060E000094A7B68C821180000F0C8FCBD4606B00C
:1060F000B0BDC046616E7400E0B10008ECB10008AC
:10610000E4120020CC06002074B1000890B585B0E0
:1061100000AF78602D4BBB600F23FB1800221A7074
:106120003AE02B4ABB681100180001F08AFD030019
:10613000BB600F217B181B783133DAB2BB681A7051
:10614000BB680133BB60BB683D221A70BB6801337A
:10615000BB600C007B181B781B0108331A001D4B19
:10616000D318991CBB680C22180001F086FD0300AF
:10617000BB60194B01221A703B191B78052B05D007
:10618000BB6826221A70BB680133BB600F22BB18A4
:10619000BA18127801321A700F23FB181B78052BDE
:1061A000BFD97B681B79022B06D1084A0B497B6853
:1061B000180000F011FE05E0044A7B68C8211800B1
:1061C00000F05CFCC046BD4605B090BD280800202C
:1061D000F8B10008E4120020CC060020FCB1000851
:1061E000B0B586B000AF78601523FB1805221A7091
:1061F0007B6828229B5C002B12D17B681B79022BC9
:1062000006D1354A35497B68180000F0E5FD5FE0AE
:10621000314A962359007B68180000F02FFC57E0A4
:1062200016243B1900221A802D4A7B6811001800A1
:1062300001F0BEFB03003B613B69002B1DD015251F
:106240007B191A783B691100180004F0B4FE0200B3
:106250000E217B181A807B191B789BB27A18128842
:106260009A420AD87B181B88002B06D03C193B6940
:10627000180001F02DFC030023801622BB181B8898
:10628000002B0CD0174BBA186A2112885A52164BA1
:1062900001221A707B681B79022B13D118E07B68EE
:1062A0001B79022B06D1114A0C497B68180000F0BB
:1062B00093FD0DE00D4A962359007B68180000F00D
:1062C000DDFB05E00A4A7B68C821180000F0D6FB18
:1062D000BD4606B0B0BDC046E0B1000808B2000837
:1062E00014B20008E4120020CC06002020B20008FE
:1062F00074B1000880B584B000AF78601B4BFB60C0
:10630000FA681B4B100019000A231A0004F0BEFDA6
:10631000FB680933FB600A203B18164A6A21525A6F
:106320001A80FA683B181B881100180001F016FC4F
:1063300003001A00FB689B18FB60FB6800221A70C0
:106340007B681B79022B06D1084A0B497B68180031
:1063500000F042FD05E0054A7B68C821180000F006
:106360008DFBC046BD4604B080BDC04690080020ED
:1063700038B20008E412002044B2000880B586B0AC
:1063800000AF78607B687B611223FB1801221A70D2
:106390001323FB1801221A708FE01223FB181B78BD
:1063A000002B05D17B6926221A707B6901337B6142
:1063B0001223FB1800221A707B6973221A707B6902
:1063C00001337B6113217B181B783033DAB27B6990
:1063D0001A707B6901337B617B693D221A707B698E
:1063E00001337B61434B1B7EDBB21A007B181B78A9
:1063F000DA4013000122134053D07B181A78112081
:106400003B183C498A18127C1A703B181B78032BE6
:1064100005D03FDC012B36D0022B2DD03AE01322E1
:10642000BB181B78002B1FD0BB181B78072B1BD861
:10643000BB181B785A1E13005B019B189B002E4A49
:106440009B18FB60FB681B79022B06D17B695722E6
:106450001A707B6901337B610DE07B6948221A70F9
:106460007B6901337B6106E07B6948221A707B6996
:1064700001337B611BE01AE07B6954221A707B694F
:1064800001337B6113E07B6955221A707B6901330C
:106490007B610CE07B6949221A707B6901337B6167
:1064A00005E07B692D221A707B6901337B61132221
:1064B000BB18BA18127801321A701323FB181B7814
:1064C000062B00D869E77B690D221A707B690133BE
:1064D0007B617B690A221A707B6901337B617B696E
:1064E00000221A707A697B68D31A1800BD4606B07C
:1064F00080BDC046100000203009002080B584B067
:1065000000AF78600D4B1800FFF738FF0300FB6009
:106510007B681B79022B06D1084A09497B68180061
:1065200000F05AFC05E0054A7B68C821180000F01D
:10653000A5FAC046BD4604B080BDC046B0080020E4
:1065400050B2000880B582B000AF78607B6800224E
:106550001A707B682822002199547B6800221A71E6
:106560007B680022DA707B686C22002199547B687A
:106570005C22002199547B686422002199527B6837
:10658000064A1A667B686E22002199547B681800BF
:1065900000F026F8C046BD4602B080BD8013002042
:1065A00080B582B000AF78607B6800221A707B688B
:1065B0002822002199547B686C22002199547B6821
:1065C0005C22002199547B686422002199527B68E7
:1065D000024A1A66C046BD4602B080BD8013002044
:1065E00080B582B000AF7860FAF744FA02007B68A9
:1065F00080215A50C046BD4602B080BD80B582B0F1
:1066000000AF78607B681800F9F788FD0300032B62
:1066100000D887E07B681800F9F780FD0300053B90
:106620007A68D318424A11001800F9F76DFD031E6D
:1066300001D1404B77E07B681800F9F76FFD03004C
:10664000043B7A68D3183C4A11001800F9F75CFD46
:10665000031E01D1374B66E07B681800F9F75EFD39
:106660000300043B7A68D318344A11001800F9F784
:106670004BFD031E01D1324B55E07B681800F9F742
:106680004DFD0300033B7A68D3182E4A1100180011
:10669000F9F73AFD031E01D12B4B44E07B6818004B
:1066A000F9F73CFD0300043B7A68D318274A110030
:1066B0001800F9F729FD031E01D1254B33E07B6853
:1066C0001800F9F72BFD0300043B7A68D318214A20
:1066D00011001800F9F718FD031E01D11E4B22E02E
:1066E0007B681800F9F71AFD0300053B7A68D31898
:1066F0001A4A11001800F9F707FD031E01D1164BC5
:1067000011E07B681800F9F709FD0300043B7A6883
:10671000D318134A11001800F9F7F6FC031E01D133
:10672000104B00E0104B1800BD4602B080BDC046C3
:106730005CB2000874B5000864B200086CB20008CE
:1067400080B5000874B200088CB5000878B2000863
:10675000A4B5000880B20008B0B5000888B20008EF
:1067600090B20008BCB5000868B5000882B0F0B56A
:106770008FB000AF78603960482508203918491972
:106780000A604B607B681B6E3B632F26BB1900229F
:106790001A703B185B191C683B185B191B681800C2
:1067A000F9F7BCFC0300033BE318A94A11001800E9
:1067B000F9F7AAFC031E1CD1BB1901221A7008208C
:1067C0003B185B191A680C243B191100180004F0DF
:1067D00089FB3B191800F9F7A1FC0300033B3A19A8
:1067E0000021D1543B191800FFF708FF03007B6319
:1067F0000AE0482308229446BC4463441B681800FE
:10680000FFF7FCFE03007B633B6B00221A703B6BBF
:106810001800F9F783FC03001A003B6B9A188D4BA4
:106820001000190009231A0004F030FB3B6B0833F9
:106830003B633B6B20221A703B6B01333B633B682D
:106840009BB23A6B1100180001F088F903001A009E
:106850003B6B9B183B633B6B1800F9F75FFC030035
:106860001A003B6B9A187C4B1000190006231A0083
:1068700004F00CFB3B6B05333B633B6B1800F9F7F3
:106880004DFC03001A003B6B9A18744B1000190062
:106890000D231A0004F0FAFA3B6B0C333B637B6860
:1068A0001B79002B12D13B6B1800F9F737FC030062
:1068B0001A003B6B9A186A4B1000190009231A0042
:1068C00004F0E4FA3B6B08333B6311E03B6B1800C8
:1068D000F9F724FC03001A003B6B9A18614B100077
:1068E00019000D231A0004F0D1FA3B6B0C333B6303
:1068F0002F23FB181B78002B11D03B6B1800F9F7E6
:106900000DFC03001A003B6B9A18574B100019003E
:1069100019231A0004F0BAFA3B6B18333B633B6B44
:106920001800F9F7FBFB03001A003B6B9A184F4B5A
:10693000100019000F231A0004F0A8FA3B6B0E3365
:106940003B637A6B3B6B1100180004F0B0FA7B6B71
:106950001800F9F7E3FB02003B6B9B183B633B6BB2
:106960001800F9F7DBFB03001A003B6B9A18404B49
:106970001000190003231A0004F088FA3B6B02335D
:106980003B633B6B1800F9F7C9FB03001A003B6B34
:106990009A18384B1000190011231A0004F076FAE7
:1069A0003B6B10333B63482408257B191B199B68FC
:1069B0009BB23A6B1100180001F0D0F803001A00E6
:1069C0003B6B9B183B633B6B1800F9F7A7FB03007D
:1069D0001A003B6B9A18284B1000190003231A0069
:1069E00004F054FA3B6B02333B633B6B1800F9F73E
:1069F00095FB03001A003B6B9A181F4B10001900FF
:106A000003231A0004F042FA3B6B02333B637B68BA
:106A10001B6E1800F9F782FB030099B27B685E22B7
:106A200099527B191B199B6899B27B686422995211
:106A30007B191B195A687B689A667B685C22012166
:106A40009954C046BD460FB0F0BC08BC02B0184710
:106A500098B200085CB500089CB20008A4B2000817
:106A6000B4B20008C0B20008D0B20008ECB200080E
:106A7000FCB2000800B3000850B5000880B588B02B
:106A800000AFF860B9607A60FB681B6EFB61FB6960
:106A900000221A70FB691800F9F740FB03001A0086
:106AA000FB699A18934B1000190009231A0004F08F
:106AB000EDF9FB690833FB61FB6920221A70FB6961
:106AC0000133FB61BB689BB2FA691100180001F049
:106AD00045F803001A00FB699B18FB61BB68C82BD3
:106AE00005D0BA68C8235B009A4213D025E0FB6941
:106AF0001800F9F713FB03001A00FB699A187E4B84
:106B00001000190006231A0004F0C0F9FB690533D0
:106B1000FB6112E0FB691800F9F700FB03001A00A3
:106B2000FB699A18754B1000190009231A0004F02C
:106B3000ADF9FB690833FB61C046FB691800F9F742
:106B4000EDFA03001A00FB699A186D4B100019004A
:106B50000D231A0004F09AF9FB690C33FB61FB6802
:106B60001B79002B12D1FB691800F9F7D7FA030043
:106B70001A00FB699A18634B1000190009231A00C8
:106B800004F084F9FB690833FB6111E0FB6918002C
:106B9000F9F7C4FA03001A00FB699A185A4B10005F
:106BA00019000D231A0004F071F9FB690C33FB6125
:106BB000FB6805331800FFF721FD0300BB61FB698B
:106BC0001800F9F7ABFA03001A00FB699A184F4B4B
:106BD000100019000F231A0004F058F9FB690E3356
:106BE000FB61BA69FB691100180004F060F9BB6928
:106BF0001800F9F793FA0200FB699B18FB61FB6927
:106C00001800F9F78BFA03001A00FB699A18404B39
:106C10001000190003231A0004F038F9FB6902334D
:106C2000FB61FB691800F9F779FA03001A00FB69A8
:106C30009A18384B1000190011231A0004F026F995
:106C4000FB691033FB617B681800F9F767FA0200F3
:106C500016217B181A80FA697B181B88110018000E
:106C600000F07CFF03001A00FB699B18FB61FB69C5
:106C70001800F9F753FA03001A00FB699A18264B1B
:106C80001000190003231A0004F000F9FB69023315
:106C9000FB61FB691800F9F741FA03001A00FB6970
:106CA0009A181D4B1000190003231A0004F0EEF887
:106CB000FB690233FB61FB681B6E1800F9F72EFAC3
:106CC000030099B2FB685E2299527B681800F9F7BD
:106CD00025FA030099B2FB6864229952FB687A682E
:106CE0009A66FB685C2201219954C046BD4608B0F3
:106CF00080BDC0465CB500089CB2000814B3000813
:106D0000A4B20008B4B20008C0B20008ECB2000897
:106D1000FCB2000800B3000850B5000890B587B079
:106D200000AFF860B9607A603B6016243B1900221E
:106D30001A807B68002B23D0FA68254B10001900BD
:106D400005231A0004F0A2F87B688021180004F0E3
:106D500032F902003B191A80FB68181DBB685A1FE4
:106D60007B68190004F0C6F83B191B880433FA68E5
:106D7000D31826221A703B193A19128805321A8044
:106D800016243B191B88FA68D0183B191B88BA686F
:106D9000D31A5A1E3B68190004F0ACF80D4A3B6840
:106DA0001100180004F007F9030099B23B193A19D1
:106DB00012888A181A803B191B88FA68D318002297
:106DC0001A703B191B881800BD4607B090BDC0461D
:106DD00020B30008FF01000080B586B000AFF86066
:106DE000B9607A607B68BA68802149001048FFF773
:106DF00095FF03007B61FB681B6E3B617B690C4A5E
:106E00000C49386903F0D2FD03007B617B6999B2BC
:106E1000FB685E229952FB68642200219952FB684C
:106E20005C2201219954C046BD4606B080BDC046D3
:106E3000CC0C0020FF01000080B586B000AFF860E8
:106E4000B9607A60FB681B6E7B617B6900221A70F7
:106E50007A69424B1000190009231A0004F016F851
:106E60007B6908337B617B6920221A707B6901335F
:106E70007B617B691900652000F070FE03001A0039
:106E80007B699B187B617A69354B100019001723C9
:106E90001A0003F0FBFF7B6916337B617A69314B83
:106EA0001000190015231A0003F0F0FF7B6914335A
:106EB0007B617A692C4B1000190016231A0003F02D
:106EC000E5FF7B6915337B617A69284B1000190057
:106ED00017231A0003F0DAFF7B6916337B617A69A6
:106EE0007968B868302303F039FC03003B613B69E3
:106EF0007A69D3187B613B69002B22DD7A691C4BD0
:106F00001000190005231A0003F0C0FF7B69043349
:106F10007B617B6900221A70FB681B6E7A69D31A49
:106F200099B2FB685E229952FB6864220021995253
:106F3000FB6800229A66FB685C22012199540023B9
:106F400008E00C4AC8235900FB681800FFF796FDBB
:106F500001235B421800BD4606B080BD5CB5000849
:106F600028B3000840B3000858B3000870B3000805
:106F700088B3000890B30008B0B59AB002AF78604B
:106F80007B685A1D424B11001800FEF7C1FE031E1C
:106F90001ED07B685A1D18243B193D491800FEF786
:106FA00067FE3B191B68002B4ED07B685A1D482496
:106FB0003B1937491800FEF75BFE3B1978686A46B3
:106FC000996811601A685B68C821FFF7CFFB5CE025
:106FD0007B685A1D24243B191100180003F082FF1E
:106FE0003B191800F9F79AF803001A003B199A1890
:106FF000284B1000190004231A0003F047FF3A1928
:10700000234B11001800FEF783FE031E1CD00C2535
:107010007B193A191E491800FEF72AFE7B191B68D6
:10702000002B11D054257B193A1919491800FEF785
:107030001FFE7B1978686A46996811601A685B6858
:10704000C821FFF793FB20E0134B144A13CA13C364
:107050007B68591D104B2022180003F071FF0E4B66
:107060001800F9F75BF803001A000B4BD2180C4B11
:107070001000190003231A0003F008FF064ACA2370
:1070800059007B681800FFF7F9FCBD4618B0B0BD89
:107090007813002098B20008CC0D0020D0B300086F
:1070A00050B50008B0B588B000AF78601B217B18E0
:1070B0007A68927E1A700A00BB181B785BB2002BAC
:1070C00000DCA2E1BB181B785BB25A1E13005B0107
:1070D0009B189B00CF4A9B187B617B691800FFF7C8
:1070E0007FFA7B696C229B5C002B54D07B695C220D
:1070F0009B5C002B4FD17B691B79022B19D17B69DB
:107100006E229B5C002B14D17B693C331C007B6995
:107110003C331800F9F702F802007B6921001800DF
:10712000FFF78AFE03003B617B696E2201219954BF
:1071300031E01F23FB1800221A701EE07B69581DE6
:107140001F243B191A78B44BD200D35820221900BF
:1071500003F00CFF031E0AD13B191B78AE4ADB007B
:10716000D31804331B687A69100098470AE01F227D
:10717000BB18BA18127801321A701F23FB181B783B
:10718000092BDBD91F23FB181B78092B03D97B693B
:107190001800FFF7F1FE7B68DB7EDBB21A001B23D1
:1071A000FB181B785BB21A4113000122134000D177
:1071B00001E17B696C229B5C002B00D1FBE07B69C9
:1071C0005C229B5C012B00D08DE07B695E229A5A89
:1071D0000E203B1891498A1A1A807B696422995AB9
:1071E0000C23FA183B180C1C1B8898B2A1B28842D9
:1071F00000D9231C13801B257B1918787B695E221C
:107200009A5A0C243B191B88D3189BB21900FEF71D
:107210007DF97B691A6E7B695E215B5A190010004B
:10722000FEF79AF97B699A6E3B191B8819001000CA
:10723000FEF792F9FEF7B6F9794BDB7EDBB25BB273
:1072400028003A18127852B2012191400A0052B235
:10725000D24352B213405BB2DAB2714BDA767B6939
:1072600064229A5A3B191B88D31A99B27B6964220B
:1072700099527B699A6E3B191B88D2187B699A6672
:107280007B6964229B5A002B28D17B691B79002BD8
:1072900009D13B181B78180000F002F97B6918002F
:1072A000FFF750F913E07B696E229B5C022B04D13F
:1072B0007B696E220321995409E01B23FB181B787C
:1072C000180000F031F97B691800FFF769F900F048
:1072D000ABF803001A00524B9A766CE07B695C2293
:1072E0000221995467E07B695C229B5C022B62D18E
:1072F0001C243B197A696421525A1A801B23FB18FB
:1073000018787B69996E3B191B88464A934204D9C9
:107310003B19424A1A80414B02E01C23FB181B8890
:107320001A00FEF785F83E4BDB7EDBB25BB21B201A
:107330003A18127852B2012191400A0052B2D24357
:1073400052B213405BB2DAB2354BDA767B69642213
:107350009A5A1C243B191B88D31A99B27B69642260
:1073600099527B699A6E3B191B88D2187B699A6681
:107370007B6964229B5A002B1DD17B691B79002BF2
:1073800009D13B181B78180000F08AF87B691800B7
:10739000FFF7D8F809E01B23FB181B78180000F052
:1073A000C3F87B691800FFF7FBF800F03DF8030015
:1073B0001A001B4B9A767B696D229B5C1A001B247A
:1073C0003B191B785BB29A421FD17B696C229B5C94
:1073D00001225340DBB2002B17D000F025F8030048
:1073E0001A000F4B9A767B691B79002B0DD13B1944
:1073F0001B781800FEF704FA3B191B78180000F000
:107400004FF87B691800FFF79DF8C046BD4608B0ED
:10741000B0BDC046300900203806002046050000F7
:10742000100000204505000080B582B000AFFB1DB4
:1074300001221A7024E0FB1D1B785BB25A1E16490C
:107440006C2013005B019B189B00CB181B181B784A
:10745000002B0FD0114B1B7EDBB21A00FB1D1B78DB
:107460005BB21A4113000122134003D0FB1D1B78AD
:107470005BB20CE0FB1D1B780133DAB2FB1D1A7006
:10748000FB1D1B785BB2072BD5DD01235B42180087
:10749000BD4602B080BDC04630090020100000206B
:1074A00080B582B000AF0200FB1D1A70FB1D1B7877
:1074B0001800FEF7A5F91A4B5B7EDBB25BB2FA1D32
:1074C0001278012191400A0052B2D24352B21340C5
:1074D0005BB2DAB2124B5A76114B1B7EDBB25BB257
:1074E000FA1D1278012191400A0052B2D24352B2E1
:1074F00013405BB2DAB20A4B1A76094BFF229A7636
:10750000FB1D1B785A1E074913005B019B189B004B
:10751000CB18043300221A70C046BD4602B080BDAD
:10752000100000203009002080B582B000AF0200BA
:10753000FB1D1A700B4B5B7EDBB25BB2FA1D12783F
:10754000012191400A0052B2D24352B213405BB2C1
:10755000DAB2044B5A76034BFF229A76C046BD46F8
:1075600002B080BD1000002080B586B000AF78600A
:1075700039603B681800F8F7D1FD03007B617B6838
:107580001B683B613B69002B19D03A683B691100CD
:10759000180003F03BFD0300FB60FB68002B0BD0E1
:1075A0007A69FB680021180003F079FC7B69FA68AE
:1075B000D2187B681A6002E07B6800221A603B697F
:1075C0001800BD4606B080BD90B58BB000AF7860A6
:1075D00039607B681B78042B00D1ACE100DDAEE1A3
:1075E000032B00D16BE100DDA9E1002B03D0012BBF
:1075F00000D1ADE0A3E13B687B61D84A1423FB18BE
:1076000011001800FFF7B0FF03007B627B6A002BBC
:1076100000D196E1C046C023DA00D1497B6A180048
:1076200003F0D4FC031E01D1C046B4E11023FA18C4
:10763000CC497B6A180003F02EFD0300FB61FB6957
:10764000002B00D17FE1C046C74AFB69110018003A
:10765000F8F75AFD031E03D17B680022DA700EE0B2
:10766000C24AFB6911001800F8F74EFD031E03D152
:107670007B680122DA7002E07B680022DA70102356
:10768000FA18B84B1900002003F005FD0300FB6158
:10769000FB69002B00D158E17B680533F969202292
:1076A000180003F027FCC0467B6805333F21180013
:1076B00003F00AFC0300BB617B68DB78002B33D14D
:1076C000BB69002B30D0BB6900221A70C046BB6971
:1076D0000133BB61BB691B78002B25D00C23FA1842
:1076E000A349BB69180003F0D6FC03003B6218E015
:1076F000C0467B6828229B5C5A1CD0B27A6828213D
:1077000050547A680A339B00D31804333A6A1A60DB
:107710000C23FA18964B1900002003F0BCFC030060
:107720003B623B6A002BE3D11023FA188D4B190002
:10773000002003F0B0FC0300FB61FB69002B00D1CB
:1077400005E1C0467B681B780133DAB27B681A70AA
:10775000824A1423FB1811001800FFF705FF0300ED
:107760007B62A2E0C04610243A1982497B6A180065
:1077700003F091FC0300FB61FB69002B00D198E052
:10778000FB691B78002B00D193E0FB69002B00D133
:1077900082E0C046784AFB6911001800F8F7B4FC93
:1077A000031E3CD13A19734B1900002003F073FCFF
:1077B0000300FB61FB69002B00D1CAE0C0466F4AA1
:1077C000FB691100180003F021FC031E07D16C4A6D
:1077D000FB691100180003F019FC031E07D07B6839
:1077E0006E22002199547B6802221A7154E0654A86
:1077F000FB691100180003F009FC031E07D1624A5F
:10780000FB691100180003F001FC031E03D07B6824
:1078100000221A7140E07B6800221A713CE05B4A4A
:10782000FB6911001800F8F76FFC031E14D1102338
:10783000FA18504B1900002003F02DFC0300FB61E7
:10784000FB69002B00D186E07B683C33F96920227C
:10785000180003F04FFB1FE04D4AFB6911001800B0
:10786000F8F752FC031E17D17B681B79022B13D04B
:107870001023FA183F4B1900002003F00CFC030002
:10788000FB61FB69002B00D184E07B683C33F96924
:107890002022180003F02EFB304A1423FB1811009D
:1078A0001800FFF761FE03007B627B6A002B00D0AB
:1078B00058E77B681B780133DAB27B681A707B6803
:1078C000DB78012B31D1254A1423FB181100180055
:1078D000FFF74AFE03007B627B6A002B25D00C2356
:1078E000FA1823497B6A180003F0D5FB03003B62BA
:1078F00018E0C0467B6828229B5C5A1CD0B27A688C
:10790000282150547A680A339B00D31804333A6A0A
:107910001A600C23FA18164B1900002003F0BBFB69
:1079200003003B623B6A002BE3D17B681B78013389
:10793000DAB27B681A707B686C22012199540123AA
:1079400031E0C04627E0C04625E0C04623E0C046FF
:1079500021E0C0461FE0C0461DE0C04650B500080B
:10796000DCB3000854B500084CB5000844B5000865
:10797000E4B3000858B5000830B50008E8B30008C3
:10798000F0B30008F8B3000800B4000808B4000819
:107990003CB50008C0467B6800221A707B686C22E8
:1079A0000021995400231800BD460BB090BDC0467D
:1079B00080B586B000AF786039607B6828229B5C18
:1079C000002B01D100233BE03B68FB6000237B617F
:1079D0002EE07A687B690A339B00D31804331B6856
:1079E0003B610BE03B691A78FB681B789A420ED129
:1079F000FB680133FB603B6901333B613B691B78EA
:107A0000002B05D0FB681B78002BEBD100E0C046B3
:107A1000FB681B78002B06D13B691B783D2B02D1FC
:107A20003B6901330CE03B68FB607B6901337B61A0
:107A30007B6828229B5C1A007B699342C9DB002388
:107A40001800BD4606B080BD80B584B000AF786038
:107A50000E23FB1800221A700F23FB1800221A7045
:107A600025E07B681B782F2B1FD97B681B78392B6F
:107A70001BD80E203A183B181B78191C8900CB180C
:107A8000DB1813707B681A783B181B78D318DAB2AE
:107A90003B18303A1A707B6801337B600F22BB18A9
:107AA000BA18127801321A7001E0FF230BE00F239D
:107AB000FB181B78022B03D87B681B78002BD0D1D6
:107AC0000E23FB181B781800BD4604B080BD0000D3
:107AD00080B584B000AF78600E23FB1800221A70C6
:107AE0000F23FB1800221A7025E07B681B782F2BD0
:107AF0001FD97B681B78392B1BD80E203A183B18EE
:107B00001B78191C8900CB18DB1813707B681A7856
:107B10003B181B78D318DAB23B18303A1A707B68DE
:107B200001337B600F22BB18BA18127801321A7029
:107B300001E0094B0CE00F23FB181B78042B03D842
:107B40007B681B78002BD0D10E23FB181B789BB2CF
:107B50001800BD4604B080BDFFFF0000B0B584B082
:107B600000AF02003960BB1D1A800F23FB180022F2
:107B70001A701DE0BB1D1B880A211800F8F75CFB7A
:107B80000B009BB2DAB20F217B181B787918581CB6
:107B9000087019003B685B183032D2B21A70BC1DF5
:107BA000BB1D1B880A211800F8F7C0FA03002380C8
:107BB000BB1D1B88002BDDD10F23FB181B783A68F7
:107BC000D31800221A700E23FB1800221A7028E026
:107BD0000E203B181B783A68D2180D243B191278F6
:107BE0001A700F257B191A783B181B78D31A013BA2
:107BF0003A68D2183B181B783968CB1812781A707B
:107C00007B191A7801007B181B78D31A013B3A685C
:107C1000D3183A1912781A707B187A181278013230
:107C20001A700F217B181B785B08DBB20E22BA1882
:107C300012789A42CCD37B181B781800BD4604B04A
:107C4000B0BD80B582B000AF7860396009E03B68B4
:107C50001A787B681A703B6801333B607B6801339C
:107C60007B603B681B78002BF1D17B6800221A7087
:107C70007B681800BD4602B080BD80B584B000AFFF
:107C8000F860B960BB1D1A800EE0BB681A78FB680B
:107C90001A70BB680133BB60FB680133FB60BB1D1E
:107CA0001A88BB1D013A1A80BB681B78002B03D0D1
:107CB000BB1D1B88002BE8D1FB6800221A70FB68F3
:107CC0001800BD4604B080BDF0B585B000AF786047
:107CD00039600A23FB1800221A700F23FB180022B8
:107CE0001A700E23FB1800221A70ADE00E23FB1849
:107CF0001B783A68D2180D217B1812781A700C2361
:107D0000FB1800221A707B181B78002B2BD024E064
:107D10000D243B191B780A211800F8F78DFA0B0087
:107D2000DAB20F217B181B787918581C08701900DB
:107D30007B685B183032D2B21A702300FC18FB1833
:107D40001B780A211800F8F7F1F9030023700C22C0
:107D5000BB18BA18127801321A700D23FB181B7861
:107D6000002BD5D10AE00F22BB181B78BA18591C7A
:107D700011701A007B689B1830221A700B23FB18B5
:107D800000221A7038E00F243B191B785A1E0B2072
:107D90003B181B78D31A1A007B689A1809257B199F
:107DA00012781A703B191A780C26BB191B78D21A54
:107DB0003B181B78D3181A007B689A183B191B785C
:107DC000591E3B181B78CB1A19007B685B18127878
:107DD0001A703B191A78BB191B78D21A3B181B78FA
:107DE000D3181A007B689B187A1912781A703B18FE
:107DF0003A18127801321A700C23FB181B785B08B2
:107E0000DBB20B22BA1812789A42BCD30E23FB18AD
:107E10001B78022B0BD80F22BB181B78BA18591CE1
:107E200011701A007B689B182E221A7006E00F232F
:107E3000FB181B787A68D31800221A700E22BB1820
:107E4000BA18127801321A700E23FB181B78032B14
:107E500000D84BE70F23FB181B781800BD4605B070
:107E6000F0BD80B582B000AF78607B68002118005B
:107E700000F068F87A68C0239B00D35C002B0AD11D
:107E80007A68C1239B00D358796880225200180079
:107E9000FCF76BFD0BE07A68C1239B00D0587B6830
:107EA0000133FF33802252001900FCF75EFDC0460B
:107EB000BD4602B080BD000080B582B000AF7860E2
:107EC00039607B68C1229200944663443968142269
:107ED000180002F0DBFF7B68174A002199547A688A
:107EE000C1239B00D3587A685A627B68C6229200ED
:107EF00098183B68D9683B681B8A1A000023FCF776
:107F0000D4FE7B680D4A002199547A68D2239B00E5
:107F10000021D1547B680A4A002199547B680021D2
:107F2000180000F00FF87A68C0239B000021D1549C
:107F3000C046BD4602B080BD4A03000049030000B0
:107F40004B03000080B582B000AF78600A00FB1CD4
:107F50001A707B68FA1C1A4912785A54FB1C1B7859
:107F6000002B02D0012B0DD019E07A68C2239B00B0
:107F7000D0587A68C3239B00D35A00221900F9F71E
:107F800044FC19E07A68C2239B00D0587A68C32366
:107F90009B00D35A01221900F9F737FC0CE07A68EC
:107FA000C2239B00D0587A68C3239B00D35A002277
:107FB0001900F9F72AFCC046C046BD4602B080BD94
:107FC0004B03000090B587B000AFF860B960BB1DEF
:107FD0001A80BB1D1B88002B09D180235A00BB6867
:107FE0001100180002F0E7FF0200BB1D1A80BB1D44
:107FF0001B88002B34D0F8F73DFD03007B61C046A1
:10800000FB681A4A9B5C012B06D1F8F733FD02008E
:108010007B69D31A632BF3D9FB68144A9B5C012B51
:1080200020D0FB6801211800FFF78CFFFB6880243B
:10803000A4001819BB1D1A88BB68190002F026FF9E
:10804000FB680A4A01219954FA68C1239B00D05861
:10805000FB681919BB1D1B881A00FBF74DFB02E0DA
:10806000C04600E0C046BD4607B090BD4A030000D0
:1080700090B587B000AFF860B960BB1D1A80FB688F
:108080002C4A9A5CF968D2239B00CB5C9A4249D077
:10809000FA68D2239B00D25C17203B1807210A40C4
:1080A0001A703B18197814243B19FA689D31FF3176
:1080B00049008A5A1A80FA68D2239B00D35C0133A4
:1080C000D9B2FA68D2239B00D154FB68C622920031
:1080D00098183B19BA1D14881B8899B2A2B2914214
:1080E00000D9231C9BB21A00BB681900FCF76DFE77
:1080F000BA1D14217B1812881B889A420ED2FA6886
:10810000CB239B00D3587A181188BA1D12888A1A7B
:108110009918FA68CB239B00D15004E01423FB1874
:108120001B8802E0C04601235B421800BD4607B031
:1081300090BDC0464903000080B584B000AF7860B0
:108140000A00BB1C1A807B685B6ABB60264B1B68FD
:10815000BA689A4244D10023FB60234B1A68C023BB
:108160009B00D35C002B09D11F4B1B68FB601E4B8F
:108170001A68C0239B000121D1540AE01A4B1B68E6
:108180000133FF33FB60184B1A68C0239B000021AA
:10819000D154154B1B681800FFF763FE124B1A6889
:1081A000114B1B6811495B5C190007230B409D3381
:1081B000FF335B00B91C098899520B4B1B680B4AB3
:1081C0009A5C0132D1B2094A9954074B1B68C62206
:1081D00092009818BB1C1A88FB681900FCF7A3FDD5
:1081E000C046BD4604B080BD88060020490300009B
:1081F00080B584B000AF78607B685B6AFB600A4B37
:108200001B68FA689A420AD1074B1B68074A00218B
:108210009954054B1B6800211800FFF793FEC046D8
:10822000BD4604B080BDC046880600204A03000059
:1082300080B584B000AF78607B685B6AFB60094BF7
:108240001B68FA689A4209D1064B1B68064A00214E
:108250009954044B1B681800FFF703FEC046BD4647
:1082600004B080BD880600204A03000080B584B0B9
:1082700000AFB9607A600F23FB18021C1A707B688C
:108280003F221A707B6801330D221A707B6802331B
:1082900000221A7000231800BD4604B080BD000003
:1082A000B0B588B000AFB9607A600F217B18021CAE
:1082B0001A707B181B78012B3FD9BB6804331B68ED
:1082C0001F257C191822BA180121180000F0B4FAF1
:1082D000030023707B191B785BB2002B2FD1BB6985
:1082E000002B2ED0BB69022B2BD814243B19022162
:1082F000180001F0B7FF7A68154B1000190004232D
:108300001A0002F0C3FDBB69DAB27B680333303276
:10831000D2B21A70BB69013B3A19D25C7B68043354
:108320003032D2B21A707B6805330D221A707B6826
:10833000063300221A70002305E0C04602E0C04662
:1083400000E0C04601231800BD4608B0B0BDC046DD
:108350001CB40008B0B588B000AFB9607A600F21D6
:108360007B18021C1A707B181B78022B00D878E04F
:1083700000237B61BB6804331B681E257C1918220F
:10838000BA180121180000F057FA030023702A00E0
:10839000BB181B785BB2002B65D1BB6808331B6828
:1083A000BC181422BA180221180000F045FA030084
:1083B0002370BB69002B58D0BB69022B55D87B6951
:1083C000062B52D81023FB1800221A801F23FB18FB
:1083D00000221A7014E01F243B191A783B191978EF
:1083E00025481300DB009B1A9B00C31818331A782A
:1083F0001023FB185A543B193A19127801321A709B
:108400001F23FB181B78012BE5D97A69BB69013B57
:10841000D1B210203A18D1543B180221180001F0B3
:1084200057FE7A68154B1000190004231A0002F059
:108430002DFDBB69DAB27B6803333032D2B21A70D9
:108440007B69DAB27B6804333032D2B21A707B684F
:1084500005330D221A707B68063300221A70002340
:1084600005E0C04602E0C04600E0C0460123180017
:10847000BD4608B0B0BDC0463C1900201CB4000881
:10848000B0B588B000AFB9607A600F217B18021CCC
:108490001A707B181B78022B55D900237B61BB68AF
:1084A00004331B681F257C191422BA1801211800F7
:1084B00000F0C2F9030023707B191B785BB2002B1C
:1084C00043D17B69002B42D07B69062B3FD87B6967
:1084D000013B1B0108331A00204BD3180233BB6148
:1084E000BB6808331968BB690C22180002F002FD52
:1084F000BB690B3300221A707A68194B10001900FF
:1085000005231A0002F0C2FC7B69DAB27B680433EF
:108510003032D2B21A707B680533BA691100180084
:1085200002F0E0FC7B681800F7F7F8FD03001A0082
:108530007B689A180B4B1000190002231A0002F0F6
:10854000A5FC002305E0C04602E0C04600E0C046AE
:1085500001231800BD4608B0B0BDC046E41200209B
:1085600020B4000828B40008B0B588B000AFB960E6
:108570007A600F217B18021C1A707B181B78012B64
:108580004DD900237B61BB6804331B681F257C1910
:108590001422BA180121180000F04EF903002370CC
:1085A0007B191B785BB2002B3BD17B69002B3AD047
:1085B0007B69062B37D87B69013B1B0108331A0006
:1085C0001C4BD3180233BB61BB690B3300221A70FA
:1085D0007A68194B1000190005231A0002F056FCA6
:1085E0007B69DAB27B6804333032D2B21A707B68AE
:1085F0000533BA691100180002F074FC7B6818009A
:10860000F7F78CFD03001A007B689A180B4B1000DB
:10861000190002231A0002F039FC002305E0C046CD
:1086200002E0C04600E0C04601231800BD4608B085
:10863000B0BDC046E412002020B4000828B40008F1
:1086400090B58BB000AFF8607A600A203B180A1C26
:108650001A8000237B62744B3B620023FB610400A1
:108660003B181B88002B10D1FB681800F7F756FD4C
:1086700002003B191A8008E0FB680133FB600A2204
:10868000BB18BA181288013A1A800A23FB181B88F3
:10869000002B0BD0FB681B78402B03D9FB681B78A1
:1086A0005A2B03D9FB681B783F2BE5D10A23FB1813
:1086B0001B88002B00D1AAE05C4B5B4A1A600EE0DD
:1086C0000A22BB18BA181288013A1A803B6A5A1C4F
:1086D0003A62FA6812781A70FB680133FB600A2369
:1086E000FB181B88002B0BD0FB681B78402B03D991
:1086F000FB681B785A2BE3D9FB681B783F2BDFD034
:108700003A6A494B9A4200D183E03B6A5A1C3A626A
:1087100000221A70FB690133FB6140E00A22BB189A
:10872000BA181288013A1A80FB680133FB600A23E9
:10873000FB181B88002B0BD0FB681B78202BEDD07F
:10874000FB681B782C2BE9D0FB681B78092BE5D044
:108750000A203B181B88002B2AD0FB681B782F2B84
:1087600026D9FB681B78392B22D8FB681A783B6A1C
:108770001A702E4BFA699200396AD150FB690133A5
:10878000FB61FB680133FB603B183A181288013A21
:108790001A803B6A01333B623B6A00221A700A234B
:1087A000FB181B88002B05D0FB69032BBFD901E008
:1087B000C04600E0C04600237B6202E07B6A0133D2
:1087C0007B627B6A042B0AD8184B1868184B7A6AAC
:1087D0009200D3581900F7F797FC031EEED17B6A7D
:1087E000042B18D8134B7A6A9200D358BB61BB692B
:1087F000002B0AD0FB69D8B27A680C49BB6998474C
:1088000003007B617B69002B07D17B6A08E0C046CF
:1088100004E0C04602E0C04600E0C04601235B42DF
:108820001800BD460BB090BDFC0D00200C0E0020C2
:108830008C060020C8B5000880B588B000AFF8608D
:108840007A600B23FB180A1C1A70FB68FB6100237B
:10885000BB6120E0FB691A7817217B18303A1A7047
:108860007B181B78092B25D8BA6913009B009B182D
:108870005B001A00FB691B78D318303BBB61FB69B6
:108880000133FB610B217B181B785BB2DBB2013B30
:10889000DAB27B181A70FB691B78002B05D00B230A
:1088A000FB181B785BB2002BD4DC7B68BA691A60BA
:1088B000002302E0C04601235B421800BD4608B019
:1088C00080BD80B586B000AFF860B9607A600123E2
:1088D0005B427B61FB681B78002B1ED1FB6800228A
:1088E0001A717B6899B2FB681A1DBB681800FFF704
:1088F000A7FE03007B617B69002B10DBFB681B7903
:10890000002B0CD0FB6804331821180002F053FB35
:1089100003009AB2FB685A8001E0C04600E0C046FE
:108920007B691800BD4606B080BD0000F0B59DB063
:1089300000AFDF4BDF4A03CA03C3DD4BDE4A083317
:1089400003CA03C3DA4BDD4A103303CA03C3D84B4F
:1089500000221A76D64BDA4A1C3303CA03C3D44B1F
:10896000D84A243303CA03C3D14BD74A2C3303CA92
:1089700003C3CF4B342200219954D44BD44A03CAA9
:1089800003C3D24BD34A083303CA03C3CF4BD24AE3
:10899000103303CA03C3CD4B00221A76CB4BCF4A08
:1089A0001C3303CA03C3C94BCD4A243303CA03C3D0
:1089B000C64BCC4A2C3303CA03C3C44B3422002118
:1089C0009954F7F7FDFF00F0F9FB00F003FD00F00C
:1089D000E3FC00F051FC00F0AFFC00F047FC00F0BD
:1089E00089FCC14BC14A1A60BF4BC82252009A8011
:1089F000BF4B1800F7F744FCBD4B1800F7F766FCB7
:108A000003001A0001235340DBB2002B1FD00023C8
:108A10003B6172B6C046F8F7FFFB3B1D00221A60AF
:108A2000B14B1B681A003B1D5A603B1D01229A6026
:108A30001023FA183B1D11001800F8F7ADFCF8F7E9
:108A400011FC62B6C046AA4B1800FDF7A9F86F23C7
:108A5000FB1800221A700FE06F203B181A783B18A1
:108A60001B78A3498A18117A1422BA18D1543B18DA
:108A70003A18127801321A706F243B191B78012BB7
:108A8000EAD91423FB180221180001F021FB994BAD
:108A90001B68994A11001800FFF70EFA954B1B68E6
:108AA0001800FFF7DEF9954A954B11001800FDF705
:108AB000C1F8C820F7F7E8FF3B1905221A7016E045
:108AC0006F243B191B781800FCF712FB03001A00F7
:108AD0003B191B78DB43DBB29A420ED0C0463220F2
:108AE000F7F7D2FF3B193A19127801321A706F2347
:108AF000FB181B78FF2BE3D100E0C04600F040FDDF
:108B0000F7F7B8FF02007F4B1A607F4B1B78DBB290
:108B1000002B0BD07D4B1B78DBB201225340DBB224
:108B2000002B03D0784B00221A70E7E7774B1B78B5
:108B3000DBB2002B15D0764B5B7EDBB2002B10D066
:108B4000F7F798FF0300BB65724B1B68BA6DD31A29
:108B5000092B06D96E4B1800FEF7A4FA6D4BBA6DBF
:108B60001A60F7F787FF03007B650023BB6629E0E7
:108B7000BA6E13005B019B189B00674A9B18BB6190
:108B8000BB6980229B587A6DD21AFA239B019A42C4
:108B900015D3BB691B79002B11D0BB6EDBB201333F
:108BA000DBB21800FEF77CFCBB691800FDF7CAFCBD
:108BB000BB6EDBB20133DBB21800FCF721FEBB6EEB
:108BC0000133BB66BB6E062BD2DD6F23FB1801227F
:108BD0001A702FE06F217B181B785A1E13005B015F
:108BE0009B189B004C4A9B18FB61FB696E229B5CA7
:108BF000032B19D1464BDB7EDBB21A007B181B78A6
:108C00001A411300012213400ED00C007B181B7870
:108C10001800FCF7F5FD3B191B781800FEF740FC27
:108C2000FB691800FDF78EFC6F22BB18BA1812788A
:108C300001321A706F23FB181B78072BCAD9374BE8
:108C40001B78002B04D1364B1B88002B00D121E16F
:108C5000324B1B78002B00D18CE06F23FB180122D4
:108C60001A707EE06F217B181A7813005B019B1845
:108C70009B00843B1A00284BD3183B65244B1B7E7A
:108C8000DBB21A007B181B78DA4013000122134074
:108C900048D17B181B7801229A4013009BB2DB431A
:108CA0009BB21F4A128813409AB21D4B1A8052E0A1
:108CB0003C190020DCB50008E4B50008ECB500085C
:108CC000F4B50008FCB5000804B60008641A0020DA
:108CD0000CB6000814B600081CB6000824B600083C
:108CE0002CB6000834B600080000002000F0000890
:108CF000E4120020880600203CB6000800C00008EE
:108D000078130020441000203A1000203C1000206E
:108D10001000002048100020300900203F100020E3
:108D2000401000203B6D1B79022B07D06F23FB18EE
:108D30001B78D74AD3181B7C022B0CD16F23FB184E
:108D40001B7801229A4013009AB2D24B1B8813431E
:108D50009AB2D04B1A806F22BB18BA18127801321F
:108D60001A706F23FB181B78072B00D87AE7CA4BC1
:108D700000221A706F23FB1801221A7084E0C54B81
:108D80001B881A006F217B181B78DA401300012220
:108D9000134072D000237B6662243B1900221A80A4
:108DA000BB4BDB7EDBB21A007B181B78DA4013006A
:108DB0000122134062D07B181A7813005B019B18C4
:108DC0009B00843B1A00B54BD318FB64FB6C1B79EA
:108DD000022B18D1B24B1800FDF76EF80300BB64EC
:108DE000AF4BB04AB0488021FDF798FF03007B6489
:108DF0007B6CAD4AAA48802101F0D8FD02003B19E6
:108E00001A80A74B7B6662243B191B88002B11D06C
:108E10003B191A886F23FB181B7811001800FCF708
:108E200075FB3B191A887B6E11001800FCF794FB48
:108E3000FCF7B8FB964BDB7EDBB25BB26F203A18D7
:108E40001278012191400A0052B2D24352B213402B
:108E50005BB2DAB28E4BDA763B181B7801229A406D
:108E600013001BB2DB431BB28A4A128812B21340B2
:108E70001BB29AB2874B1A8000E0C0466F22BB1823
:108E8000BA18127801321A706F23FB181B78072B5F
:108E900000D874E7F7F7EEFD03003B64834B1B68D3
:108EA0003A6CD31A824A934200D89CE07F4B3A6CCA
:108EB0001A606F23FB1801221A708EE0744B1B7E20
:108EC000DBB21A006F217B181B78DA4013000122F5
:108ED000134000D17BE06E4BDB7EDBB21A007B18C7
:108EE0001B78DA4013000122134070D07B181A78E7
:108EF00013005B019B189B00843B1A00674BD3183F
:108F0000FB63FB6B1B79022B06D07B181B78604A36
:108F1000D3181B7C022B5AD1614B1800FDF72EFA97
:108F20000300BB63FB6B1B79022B24D15C4B614AB2
:108F30005D488021FDF7F2FE03003B633B6B5A4A1C
:108F40005748802101F032FD02002E243B191A807F
:108F50003B191A886F23FB181B7811001800FCF7C7
:108F6000D5FA3B191A884E4B11001800FCF7F4FA99
:108F7000FCF718FB19E04A4B4E4A4B488021FDF79D
:108F8000CDFE03007B637B6B9AB26F23FB181B78CB
:108F900011001800FCF7BAFA7B6B9AB2424B110031
:108FA0001800FCF7D9FAFCF7FDFA394BDB7EDBB28F
:108FB0005BB26F22BA181278012191400A0052B2B6
:108FC000D24352B213405BB2DAB2314BDA766F223F
:108FD000BB18BA18127801321A706F23FB181B786D
:108FE000072B00D86AE79023DB0502211800F8F769
:108FF000EFFB031E01D100F039FB2F4B1B688022D1
:1090000052002E491800FFF733F80300BB62BB6A19
:10901000002B15DDBA6A2949294B1800FFF751FCCE
:10902000031E0DDB264B5B889BB2002B08D0224B26
:109030001868234B5B889AB2224B1900FEF7C2FFD7
:10904000F7F718FD03007B621F4B1B687A6AD31A7F
:109050001E4A93420DD91E4B1B78002B09D01D4B85
:109060001800F7F71DF91A4B00221A70164B7A6A8E
:109070001A606123FB1801221A706023FB1800227A
:109080001A706FE05F23FB1800221A7057E0C04689
:1090900010000020401000203F1000203009002068
:1090A0004C10002040B40008CC1000204C110020CF
:1090B000871300004CB400088806002050110020DF
:1090C000CC180020D018002044100020B70B00005E
:1090D000CC060020E412002060243B191A785F2699
:1090E000BB191B783349D8001300DB009B1A9B0087
:1090F000C3185D583B191A78BB191B782D49D80045
:109100001300DB009B1A9B00C318CB1804331B8889
:109110002326BC1919002800F8F75AFB0300237016
:10912000BB191B78002B04D06123FB1800221A7096
:109130000AE05F22BB18BA18127801321A705F2356
:10914000FB181B78022BC7D96123FB181B7801225F
:109150005340DBB2002B0BD16022BB18BA18127837
:1091600001321A706023FB181B78012B8AD900E0AA
:10917000C046114B1B785BB2002B08DA6123FB1849
:109180001B78002B03D0012001F0DEF811E00A4B20
:109190001B785BB2002B00DAB7E46123FB181B7865
:1091A00001225340DBB2002B00D1AEE4002001F0DD
:1091B000CBF8AAE4641A0020A406002090B591B070
:1091C00000AF10243B19180030231A00002101F0D1
:1091D00066FE3B00180010231A00002101F05FFE1C
:1091E00021007B180A221A607B180122DA607B18A2
:1091F00010221A617B180122DA617B1802221A629E
:109200007B1800225A627B18A02292039A627B1874
:109210000022DA627B181800F8F714FB031E01D055
:1092200001F0ECF93B0007221A603B0002225A6071
:109230003B0000229A603B008022D200DA603B00B3
:1092400001211800F8F718FE031E01D001F0D6F92D
:10925000054B1800F7F70DFD0020F7F717FDC04686
:10926000BD4611B090BDC0467017000080B500AF7C
:10927000C046BD4680BD000080B500AF1B4B1C4AF8
:109280001A601A4B822252005A60184B00229A60D0
:10929000164BE022D200DA60144B02221A61134B03
:1092A00001225A61114B802292009A610F4B0022D9
:1092B000DA610E4B00221A620C4B00225A620B4BF1
:1092C00000229A62094B0722DA62084B00221A63D5
:1092D000064B00225A63054B1800F8F711FF031ED6
:1092E00001D001F08BF9C046BD4680BD001A0020B8
:1092F0000030014080B500AF0D4B0E4A1A600C4B98
:10930000FA2292015A600A4B00229A60084BFA2214
:109310009200DA60064B80229A61054B1800F9F73B
:109320002BFF031E01D001F069F9C046BD4680BD88
:10933000B81900200010004080B500AF144B154A4A
:109340001A60134B962292015A60114B00229A60C8
:109350000F4B0022DA600E4B00221A610C4B0C22DC
:109360005A610B4B00229A61094B0022DA61084BCB
:1093700000221A62064B00225A62054B1800FAF7C7
:1093800067F9031E01D001F039F9C046BD4680BD22
:109390009C1A00200044004080B582B000AF0C4B06
:1093A0005A690B4B01210A435A61094B5B6901223F
:1093B00013407B607B68002201210B20F7F734FC0F
:1093C0000B20F7F746FCC046BD4602B080BDC04644
:1093D0000010024090B589B000AF0C243B19180072
:1093E00014231A00002101F05AFD604B5A695F4BAB
:1093F0008021C9030A435A615C4B5A698023DB030D
:109400001340BB60BB68594B5A69584B8021890295
:109410000A435A61554B5A6980239B0213407B6073
:109420007B68524B5A69514B8021C9020A435A61E9
:109430004E4B5A698023DB0213403B603B684C492A
:109440009023DB0501221800F8F7DFF949494A4B60
:1094500001221800F8F7D9F980231B0146480022A1
:109460001900F8F7D2F93B1903221A603B190022C0
:109470005A603B1900229A603B19404A19001000BB
:10948000F8F736F83B1902221A603B19842292033E
:109490005A603B1901229A603A199023DB051100AA
:1094A0001800F8F725F83B19314A1A603B191122C8
:1094B0005A603B1901229A603B190022DA603A197E
:1094C0009023DB0511001800F8F712F83B19294A20
:1094D0001A603B1911225A603B1901229A603B190C
:1094E0000022DA603B19244A19001000F8F700F84E
:1094F00021007B18802212011A600C003B19012206
:109500005A603B1900229A603B190022DA603B192D
:10951000194A19001000F7F7EBFF21007B18802291
:1095200012021A600C003B1900225A603B190122FA
:109530009A603B19104A19001000F7F7D9FF210073
:109540007B18C02292001A607B1800225A607B1898
:1095500001229A607A189023DB0511001800F7F7B2
:10956000C7FFC046BD4609B090BDC04600100240CE
:10957000109C00001874000000040048001400480B
:1095800080B582B000AF314B00221A70304B002200
:109590005A762F4BFF229A762D4BFF22DA762C4BF0
:1095A00000221A76FB1D00221A7012E0FB1D1B78A8
:1095B000274AD31803221A74FB1D1A78254B6A21F7
:1095C000595A234B5200D152FB1D1A78FB1D013210
:1095D0001A70FB1D1B78062BE8D9FB1D07221A7099
:1095E000FB1D1B781A4AD31801221A74FB1D1A7826
:1095F000184B6E21595A164B5200D152FBF766FD9B
:109600006420F7F741FA144B1800FBF7FFFDFBF756
:109610004FFC124B18680F4B6A22995A0D4B6C2263
:109620009B5A1A00FBF776FC03001A00074B1A70CE
:109630000B4B00221A700B4B00221A700A4B0022AF
:109640001A70C046BD4602B080BDC0463C10002026
:1096500010000020E4120020341000201C10002014
:109660003A1000203B1000203D100020F0B59FB0C4
:1096700000AF70257C19FCF71DFA030023807B19CD
:109680001B880122134038D040243B191800FBF7F7
:10969000E9FD21007B18DB781B021AB27B189B784E
:1096A0001BB213431AB26823FB181A806F23FB18EE
:1096B00001221A701CE06F23FB181A7813005B015B
:1096C0009B189B00843B1A00C84BD3187B667B6EAB
:1096D000DB8C6822BA1812889A4203D17B6E18007C
:1096E000FCF730FF6F22BB18BA18127801321A70DB
:1096F0006F23FB181B78072BDDD97023FB181B8801
:10970000082213402AD0FCF71FF9031E23D1B84BBF
:1097100001221A70B64B1B78DBB2002B1ED02C2412
:109720003B191800FCF72CF9B24B3A1912681A6071
:109730003B190433B04A1000190004231A0001F049
:10974000A5FB3B190833AD4A1000190004231A0089
:1097500001F09CFB02E0A64B00221A707023FB185C
:109760001B880422134017D063257C19FBF7E4FC07
:10977000030023707B191B78012B06D1A04B00221C
:109780001A70A04B01221A7007E09D4B01221A703B
:109790009C4B00221A7000E0C04670217B187A189A
:1097A000128812091A807B181B88002B01D100F047
:1097B0001DFC7323FB1801221A7000F00AFC7021B3
:1097C0007B187A18128852081A807B181B8801228D
:1097D000134001D100F0F7FB62257C197326BB19F9
:1097E0001B781800FCF74CF8030023707B191B78DA
:1097F000012213400ED0844BDB7EDBB25AB2BB1980
:109800001B78012199400B005BB213435BB2DAB2C3
:109810007D4BDA766223FB181B780422134000D1BB
:1098200059E3774B01221A707326BB191A7813007B
:109830005B019B189B00843B1A006C4BD318FB65A3
:10984000FB6D1800FCF7CCFE6C257C19BB191B784E
:109850001800FBF7B7FE030023807B191B886B4AB7
:10986000934204D97B196A4A1A80694B02E06C233F
:10987000FB181B88674973243A1910780A001900ED
:10988000FBF7ECFE6C23FB181B885F4AD318002201
:109890001A773B191B785C4AD3181B7C032B08D022
:1098A00000DD0BE3012B00D13CE2022B00D1CEE125
:1098B00004E3FB6D1B79002B04D1FB6D1800FCF752
:1098C00041FE03E0FB6D1800FCF76AFEFB6D73229E
:1098D000BA186D2112785A546B243B1900221A7061
:1098E0006C23FB181A884C494A4B180001F06EFB98
:1098F000031E03D03B1900221A7008E06C23FB18EA
:109900001B88002B03D06B23FB1801221A70FB6D00
:109910001B79022B04D1FB6D6E229B5C012B05D0C1
:109920006B23FB181B78012B00D05AE16C23FB182A
:109930001988FB6D70331A00364B180000F048FF91
:10994000031E00DC03E1FB6D1B79022B04D1FB6DD0
:109950006E229B5C012B06D0FB6D02221A71FB6DFF
:109960006E2201219954FB6D6C2201219954FB6DEB
:1099700071229B5C092B00D19BE000DDC5E0012B2F
:1099800003D0082B00D1A7E0BFE0FB6D9A6FFF2347
:109990005B009A4200D9B7E0FB6D186EFB6D596F02
:1099A000FB6D9B6F1A0001F071FAFB6D1A6EFB6D77
:1099B0009B6FD31800221A70FB6D186EFB6D996FA8
:1099C000FB6D7C331A0000F087FFFB6D186EFB6D9A
:1099D0009A6F124B190001F0F9FA031E22D0104AB7
:1099E000FB6D00211800FDF7F7F98DE0300900202C
:1099F0003D1000201C10002030100020A006002088
:109A00003C1000203A10002010000020FE0500004D
:109A1000FF0500002C00002054B400085CB40008CE
:109A200064B40008FB6D1B6EFB64B74A4C23FB1843
:109A300011001800FDF798FD0300BB65BB6D002BFE
:109A400062D04823FA18B149BB6D180001F023FB1E
:109A500003007B6729E0C046AD497B6F03221800F5
:109A600001F084FA031E08D1FB6D581D7B6F04338F
:109A70002022190001F08BFA0EE0FB6D28229B5C7E
:109A80005A1CD0B2FA6D28215054FA6D0A339B004B
:109A9000D31804337A6F1A604823FA189B4B1900C5
:109AA000002001F0F8FA03007B677B6F002BD2D116
:109AB0002AE0FB6D1B6E180000F03CFF030099B21A
:109AC000FB6D5E229952FB6D642200219952FB6D61
:109AD0005C220121995418E0FB6D1B6E01211800D6
:109AE00000F038FF030099B2FB6D5E229952FB6DC6
:109AF000642200219952FB6D5C2201219954FB6D77
:109B00006E220221995400E0C046FB6D6C229B5CE2
:109B1000002B00D199E07F4B5B7EDBB25AB2732001
:109B20003B181B78012199400B005BB213435BB2D9
:109B3000DAB2784B5A76774B9B7E5BB2002B00DB18
:109B400083E03B1800229A56724B9A767DE06C2394
:109B5000FB181A887049714B1800FEF7B2FE031EFD
:109B600000DA72E06D4B5B889BB2002B6DD0FB6D11
:109B70006C2201219954FB6D186E684B5B889BB277
:109B80001A00674B190001F002FA644B5B8899B226
:109B9000FB6D5E229952FB6D642200219952FB6D90
:109BA0005C22012199545B4B5B7EDBB25AB273207D
:109BB0003B181B78012199400B005BB213435BB249
:109BC000DAB2544B5A76534B9B7E5BB2002B04DACD
:109BD0003B1800229A564F4B9A76504B00225A80DF
:109BE00033E04D4AFB6D11001800FDF7EDFC031E3C
:109BF0001BD0484B5B7EDBB25AB273203B181B78FC
:109C0000012199400B005BB213435BB2DAB2414BC6
:109C10005A76404B9B7E5BB2002B00DB50E13B1839
:109C200000229A563B4B9A764AE173243B191B78E3
:109C30001800FBF7E5FD3B191B781800FDF730FC19
:109C4000FB6D1800FCF77EFC3AE1C04638E1FB6D85
:109C50001B79002B04D1FB6D1800FCF773FC03E0AB
:109C6000FB6D1800FCF79CFCFB6D73243A196D2109
:109C700012785A546C23FB181A882749274B18006E
:109C8000FEF71FFE031E00DA1CE1244B5B889BB22B
:109C9000002B00D116E1FB6D6C2201219954FB6D64
:109CA000186E1E4B5B889BB21A001D4B190001F009
:109CB0006EF91A4B5B8899B2FB6D5E229952FB6D6F
:109CC000642200219952FB6D5C2201219954114BB1
:109CD0005B7EDBB25AB23B191B78012199400B0025
:109CE0005BB213435BB2DAB20A4B5A76094B9B7EE6
:109CF0005BB2002B04DA3B1900229A56054B9A7688
:109D0000064B00225A80DDE06CB4000870B40008F5
:109D100074B40008100000202C000020CC18002093
:109D2000D0180020FB6D1800FCF70CFCFB6D7324B1
:109D30003A196D2112785A546C23FB181B88082B92
:109D400000D8C1E056257B1900221A80AB4B5B7FFF
:109D50009BB21B0299B2A94B1B7F9AB27B190A4393
:109D60001A80A64BDB7F9BB21B0299B2A34B9B7F51
:109D70009AB25423FB180A431A80A14B2822BA181E
:109D80001000190004231A0001F080F87B191B88C9
:109D9000083B272B00D897E09A4B9B4928221800B4
:109DA00001F0E4F8031E00D08EE0FB6D6C2201216F
:109DB00099543B00954A1A603B00954A5A603B0013
:109DC000944A9A60944B6A229A5A3B009A813B00CB
:109DD000924A1A61904B6A229A5A3B009A823B003F
:109DE0008C4A9A613B0003221A773B00E12252021F
:109DF0001A623B00242203219954FB6D1A6E3B002A
:109E000011001800FAF719FE02007B191A80FB6D89
:109E10007A195E2112885A52FB6D642200219952F0
:109E2000FB6D5C2201219954744B1B7EDBB25AB24C
:109E30003B191B78012199400B005BB213435BB2C5
:109E4000DAB26E4B1A766D4BDB7EDBB25AB23B193F
:109E50001B78012199400B005BB213435BB2DAB26D
:109E6000664BDA76654B5B7EDBB25AB23B191B78E8
:109E7000012199400B005BB213435BB2DAB25F4B36
:109E80005A765E4B9B7E5BB2002B04DA3B190022B4
:109E90009A565A4B9A762823FA1873243B191B7842
:109EA00011001800FBF70AFA5423FB181A883B1913
:109EB0001B7811001800FBF75FFA05E0C04604E0CC
:109EC000C04602E0C04600E0C0467323FB181B7882
:109ED0001800FBF7A7FB6223FB181B78082213402E
:109EE0001ED0464B1B7EDBB25AB273203B181B7848
:109EF000012199400B005BB213435BB2DAB23F4BD6
:109F00001A763E4BDB7EDBB25AB23B181B7801213E
:109F100099400B005BB213435BB2DAB2374BDA768F
:109F20006223FB181B78102213404CD0334B1B7E4E
:109F3000DBB25BB273203A181278012191400A001B
:109F400052B2D24352B213405BB2DAB22B4B1A7602
:109F50002A4B5B7EDBB25BB23A181278012191404A
:109F60000A0052B2D24352B213405BB2DAB2234B70
:109F70005A76224BDB7EDBB25AB23B181B780121AA
:109F800099400B005BB213435BB2DAB21B4BDA763B
:109F90001A4B9B7E5BB21A003B181B789A4202D187
:109FA000164BFF229A767323FB181A7813005B0175
:109FB0009B189B00843B1A00194BD3183B653B6DE3
:109FC0001800FCF7BFFA7322BB18BA1812780132D6
:109FD0001A707323FB181B78072B09D87023FB1802
:109FE0001B88002B01D0FFF7EAFB01E0C04600E030
:109FF000C046C046BD461FB0F0BDC04610000020A0
:10A00000300000203400002004B500083410002087
:10A01000A006002030100020E41200201C100020B8
:10A020003009002080B586B000AF78600A00FB1CC4
:10A030001A701723FB1800221A7000233B610F23AC
:10A04000FB1800221A7032E00F203B181B787A6848
:10A05000D2180E217B1812781A707B181B78FF2BF0
:10A060000BD13B181A78791818481300DB009B1A9B
:10A070009B00C31818331B780B700E23FB181B783A
:10A0800001229A401300BB603B69BA68134004D0B8
:10A090001723FB1801221A7010E03A69BB681343BA
:10A0A0003B610F22BB18BA18127801321A700F23C5
:10A0B000FA18FB1C12781B789A42C5D31723FB1899
:10A0C0001B781800BD4606B080BDC0463C19002074
:10A0D000F0B587B000AF78600A00FB1C1A70172437
:10A0E0003B1900221A70FB1C1A787B6811001800BB
:10A0F000FFF798FF031E03D03B19FF221A70A0E060
:10A100001623FB1800221A708DE07B68002B09D003
:10A110001623FB181B787A68D2181523FB181278BF
:10A120001A700DE01623FB181A781523F918494800
:10A130001300DB009B1A9B00C31818331B780B70AD
:10A1400015203B181B78FF2B67D016243B191A7873
:10A1500040491300DB009B1A9B00CB1818333A18B8
:10A1600012781A703B191A783A491300DB009B1ACF
:10A170009B00CB1818331A781323FB18D2431A709C
:10A180001423FB1800221A7029E01623FB181A78F2
:10A1900014257B191B780826BC192E49D8001300FA
:10A1A000DB009B1A9B00C3182200CB1803CB03C211
:10A1B000BB191868BB1999881323FB181A787B19E7
:10A1C0001B781A411300DBB201221340DBB21A00E4
:10A1D000F7F71BFB7B197A19127801321A701423D6
:10A1E000FB181B78022BD0D97B68002B15D01621C9
:10A1F0007B181A787B18197816481300DB009B1A15
:10A200009B00C31818331A78134B5B181A72134B40
:10A2100001221A70124B01221A701622BB18BA18AA
:10A22000127801321A70FB1C1B78DAB2022A00D9AC
:10A230000223DBB21622BA1812789A4200D264E7DF
:10A24000C0461723FB181B785BB21800BD4607B049
:10A25000F0BDC0463C190020E4120020CC060020CE
:10A260003F100020F0B585B000AF78600A00FB1CFD
:10A270001A700F23FB1800221A7052E00E23FB18ED
:10A2800000221A700D23FB1800221A7036E00F26E8
:10A29000BB191A780D257B191B782A49D8001300A1
:10A2A000DB009B1A9B00C3185C58BB191A787B19FA
:10A2B0001B782449D8001300DB009B1A9B00C318AD
:10A2C000CB1804331B8819002000F7F781FA03002C
:10A2D0005A425341DBB21A007B191B789A40130093
:10A2E0005AB20E217B181B785BB213435AB27B180B
:10A2F0001A707B197A19127801321A700D23FB1823
:10A300001B78022BC3D90F217B181B787A68D318CE
:10A310000E22BA1812781A707B187A181278013245
:10A320001A70FB1C1B78DAB2022A00D90223DBB2B6
:10A330000F22BA1812789A42A0D3C046C046BD4632
:10A3400005B0F0BD641A002090B585B000AF0200E2
:10A35000FB1D1A70FB1D1B78002B4BD02D4B0022D0
:10A360001A700F243B19F1221A702B4B18682A4BD4
:10A3700099883B191B7801221340DBB21A00F7F7CA
:10A3800044FA254B9868244B99893B191B785B0844
:10A39000DBB201221340DBB21A00F7F736FA1E4B8C
:10A3A00018691D4B998A3B191B789B08DBB2012267
:10A3B0001340DBB21A00F7F728FA174BD869164B8F
:10A3C000198C3B191B78DB08DBB201221340DBB28E
:10A3D0001A00F7F71AFA114A114B11001800FDF78D
:10A3E00073FC03001A000F4B1A700F4B1800F8F79C
:10A3F00013FF0AE00C4B1800F8F75AFF054BFF2239
:10A400001A7002210020FFF763FEC046BD4605B06A
:10A4100090BDC046A40600203C1900201C1000205E
:10A42000201000203E100020B819002090B585B003
:10A4300000AF78607A686C4B9A4200D0D1E06B4BE9
:10A440001B785BB2002B04DA7B681800F8F730FF4A
:10A45000C7E0664B1B785BB21A00654B1B789A42CB
:10A460006CDA624B1B785BB219000E203B18614A14
:10A47000525C1A700200BB181B782F2B0FD9BB1827
:10A480001B78392B0BD80F217B18BA181278303A69
:10A490001A707B187A181278D2431A700DE00E23C6
:10A4A000FB181B782E2B04D10F23FB18F0221A70F7
:10A4B00003E00F23FB18F1221A704F4B18684E4B24
:10A4C00099880F243B191B7801221340DBB21A0034
:10A4D000F7F79BF9484B9868474B99893B191B78CC
:10A4E0005B08DBB201221340DBB21A00F7F78DF9EB
:10A4F000414B1869404B998A3B191B789B08DBB28A
:10A5000001221340DBB21A00F7F77FF93A4BD86902
:10A51000394B198C3B191B78DB08DBB20122134045
:10A52000DBB21A00F7F771F9304B1B785BB2DBB284
:10A530000133DBB25AB22D4B1A7052E02C4B1B7810
:10A5400002332A4A127852B2934243DB0F243B195A
:10A55000F1221A70284B1868274B99883B191B78F1
:10A5600001221340DBB21A00F7F74FF9224B98682B
:10A57000214B99893B191B785B08DBB20122134000
:10A58000DBB21A00F7F741F91B4B18691A4B998A8D
:10A590003B191B789B08DBB201221340DBB21A0087
:10A5A000F7F733F9144BD869134B198C3B191B7807
:10A5B000DB08DBB201221340DBB21A00F7F725F902
:10A5C0000A4B1B785BB2DBB20133DBB25AB2074BEA
:10A5D0001A7006E0054BFF221A707B681800F8F726
:10A5E00067FEBD4605B090BDB8190020A406002046
:10A5F0003E100020201000203C19002080B500AF44
:10A60000C046BD4680BD80B582B000AF78607B6833
:10A61000023303211800F5F789FD030001339B0085
:10A620001800BD4602B080BD80B59AB000AFF8609A
:10A63000B9607A603B6000237B6600233B6614238D
:10A64000FA18454B1000190041231A0000F01EFCB7
:10A65000BB681800FFF7D7FF0300FB65FA6D3B6886
:10A660009A4202D301235B4271E000237B6664E0DF
:10A67000FA687B6ED3181B781A047B6E0133B968B5
:10A68000994206D97B6E0133F968CB181B781B02FF
:10A6900000E0002313437A6E0232B968914205D973
:10A6A0007A6E0232F9688A18127800E000221343A9
:10A6B000BB65BB6D9B0C3F221A403B6E591C396633
:10A6C0007968CB18142039188A5C1A70BB6D1B0B83
:10A6D0003F221A403B6E591C39667968CB183918ED
:10A6E0008A5C1A707B6E0133BA689A4206D9BB6DD8
:10A6F0009B093F2213403A18D15C00E03D213B6E9C
:10A700005A1C3A667A68D3180A1C1A707B6E023398
:10A71000BA689A4206D9BB6D3F2213401422BA1878
:10A72000D15C00E03D213B6E5A1C3A667A68D31832
:10A730000A1C1A707B6E03337B667A6EBB689A4282
:10A7400096D37A683B6ED31800221A703B6E1800BD
:10A75000BD461AB080BDC04678B4000890B59DB023
:10A7600000AFF860B9607A603B60BA68F968154B71
:10A77000180000F00CFCBA68124BD018BB6880229D
:10A78000D21A114B190000F002FC14243B191800D6
:10A79000F5F728FF0B4B1800F5F7C0FC02000B4B38
:10A7A00008493819F6F7F5F83B687A680748142124
:10A7B000FFF73AFF0300FB66FB6E1800BD461DB0B5
:10A7C00090BDC04650120020BCB40008D01200203A
:10A7D00080B586B000AFF860B9607A60FA68BB688F
:10A7E000D3183B61FB687B617A693B699A4214D25A
:10A7F0007B691B78DB09DAB27B681A707B691B788E
:10A800000F221340DAB27B685A707B6901337B6197
:10A810007A693B699A4210D202E001235B4257E019
:10A820007B691B78DB09DAB27B689A707B691B78DD
:10A830001A007F231A407B689A607B6901337B6131
:10A840007B689B687E2B15D17B6901333A699A42FC
:10A850000DD97B691B781B027A6901321278134388
:10A860001A007B689A607B6902337B6109E00123EF
:10A870005B422DE07B689B687F2B02D101235B420A
:10A8800026E07B689B78002B12D07B6904333A6901
:10A890009A420AD37B680C3379690422180000F0CD
:10A8A000F5FA7B6904337B6102E001235B420FE030
:10A8B0007B687A695A607B689B687A69D3183A69C1
:10A8C0009A4202D201235B4202E07A69FB68D31A02
:10A8D0001800BD4606B080BD80B586B000AFF860F8
:10A8E000B9607A6000237B6119E07B69FA68D3184C
:10A8F00019787B690E4A134004D5013B0422524269
:10A90000134301331A007B689B181A787B69F86837
:10A91000C3184A40D2B21A707B6901337B617B69EC
:10A92000BA689A42E1D8C046C046BD4606B080BD6E
:10A930000300008080B582B000AF78607B688A2217
:10A940001A707B68013300221A7002231800BD467A
:10A9500002B080BD80B582B000AF78600A00FB1CF9
:10A960001A707B6888221A707B68013302221A7081
:10A970007B68023303221A70FB1C1B78002B02D069
:10A98000012B05D009E07B680333EB221A7008E045
:10A990007B680333EE221A7003E07B680333EB22FB
:10A9A0001A7004231800BD4602B080BD80B586B081
:10A9B00000AFF860B9607A603B603B680533BA6805
:10A9C0009A4202D201235B4232E0FB687B617B69E1
:10A9D0005A1C7A6181221A703B687D2B06D87B69EC
:10A9E0005A1C7A613A68D2B21A7010E07B697E22F2
:10A9F0001A703B681A0A7B690133D2B21A707B69FC
:10AA000002333A68D2B21A707B6903337B613A68C9
:10AA100079687B69180000F039FA7A693B68D318C5
:10AA200000221A707A69FB68D31A1A003B68D3189F
:10AA30001800BD4606B080BD80B582B000AF0F4B98
:10AA40009A690E4B01210A439A610C4B9B690122C2
:10AA500013407B607B68094BDA69084B802149050C
:10AA60000A43DA61054BDA6980235B0513403B60DA
:10AA70003B68C046BD4602B080BDC04600100240E3
:10AA800090B58BB000AF786014243B1918001423E4
:10AA90001A00002100F003FA7B681B68204A9342E9
:10AAA0003AD1204B9A691F4B802149010A439A6190
:10AAB0001C4B9A6980235B0113403B613B69194B36
:10AAC0005A69184B802189020A435A61154B5A6909
:10AAD00080239B021340FB60FB6821007B18E0226F
:10AAE0001A607B1802225A607B1801229A607B1838
:10AAF0000322DA607B1800221A617A189023DB05A2
:10AB000011001800F6F7F4FC002200211920F6F7D6
:10AB10008BF81920F6F79DF8C046BD460BB090BDE6
:10AB2000003001400010024080B584B000AF786072
:10AB30007B681B680D4A934213D10D4BDA690C4BAD
:10AB400010210A43DA610A4BDB6910221340FB60D3
:10AB5000FB68002200211120F6F766F81120F6F7B5
:10AB600078F8C046BD4604B080BDC0460010004025
:10AB70000010024090B58BB000AF786014243B19F0
:10AB8000180014231A00002100F089F97B681B6863
:10AB9000474A934200D087E0464BDA69454B802113
:10ABA00089020A43DA61434BDA6980239B0213402E
:10ABB0003B613B693F4B5A693E4B802189020A4306
:10ABC0005A613C4B5A6980239B021340FB60FB682F
:10ABD00021007B180C221A607B1802225A607B1815
:10ABE00001229A607B180322DA607B1801221A6125
:10ABF0007A189023DB0511001800F6F779FC2E4B2C
:10AC00002E4A1A602C4B00225A602B4B00229A606D
:10AC1000294B8022DA60284B00221A61264B002241
:10AC20005A61254B00229A61234B80225201DA613E
:10AC3000214B1800F6F744F8031E01D0FFF7DEFCA5
:10AC40007B681D4A5A671C4B7A685A621C4B1D4A26
:10AC50001A601B4B10225A60194B00229A60184B45
:10AC60008022DA60164B00221A61154B00225A61CD
:10AC7000134B00229A61124B0022DA61104B18002C
:10AC8000F6F71EF8031E01D0FFF7B8FC7B680C4AEC
:10AC90001A670B4B7A685A62002201211C20F5F7D3
:10ACA000C3FF1C20F5F7D5FFC046BD460BB090BDD5
:10ACB0000044004000100240E81800205800024004
:10ACC000741900204400024080B500AFC046BD4664
:10ACD00080BD80B500AFFEE780B500AFC046BD4681
:10ACE00080BD80B500AFC046BD4680BD80B500AF19
:10ACF000F5F7AEFEC046BD4680BD000080B500AF92
:10AD0000054B1800F6F707F9044B1800F6F703F99E
:10AD1000C046BD4680BDC04674190020E81800201A
:10AD200080B500AF034B1800F8F7F0FAC046BD46F7
:10AD300080BDC046B819002080B500AF034B180095
:10AD4000F7F72AFFC046BD4680BDC046001A002066
:10AD500080B500AF034B1800F8F75EFDC046BD4656
:10AD600080BDC0469C1A002080B500AF1A4B1A68FF
:10AD7000194B01210A431A60174B5A68164B1749A1
:10AD80000A405A60144B1A68134B15490A401A605E
:10AD9000114B1A68104B13490A401A600E4B5A683F
:10ADA0000D4B11490A405A600B4BDA6A0A4B0F21CE
:10ADB0008A43DA62084B1A6B074B0C490A401A6344
:10ADC000054B5A6B044B01218A435A63024B002204
:10ADD0009A60C046BD4680BD001002400CB8FF0816
:10ADE000FFFFF6FEFFFFFBFFFFFFC0FFECFEFFFFD4
:10ADF0000D4885460D480E490E4A002302E0D458FE
:10AE0000C4500433C4188C42F9D30B4A0B4C0023B2
:10AE100001E013600432A242FBD3FFF7A5FF00F06C
:10AE200011F8FDF783FDFEE7002000200000002060
:10AE3000AC06002070B60008B0060020241B0020DD
:10AE4000FEE7000070B500260C4D0D4C641BA410ED
:10AE5000A64209D1002600F047F90A4D0A4C641BAE
:10AE6000A410A64205D170BDB300EB589847013637
:10AE7000EEE7B300EB5898470136F2E768B60008F2
:10AE800068B6000868B600086CB60008002310B564
:10AE90009A4200D110BDCC5CC4540133F8E70300E2
:10AEA0008218934200D1704719700133F9E702000C
:10AEB00010B5137814000132002BFAD1CA5CE254A9
:10AEC0000133002AFAD110BDC9B20378002B04D097
:10AED0008B4200D170470130F7E74B42594149425C
:10AEE0000840F7E703000A7801311A700133002A9D
:10AEF000F9D17047F0B50500002A14D0501E012A80
:10AF00001CD02C000A0016002700367801320134CC
:10AF1000130025003E70002E0DD001380028F2D11C
:10AF200000222A7000E00B001A000132501E007847
:10AF300013000028F9D1581A0138F0BD0B00EFE7D3
:10AF4000030030B51C78002C08D18918002A04D0E1
:10AF500055424D5D1D70002D02D130BD0133F1E72A
:10AF6000012A00D15C700133013AEFE730B50500EA
:10AF7000101E0BD00024013A2B5D085D834204D1E2
:10AF8000944202D00134002BF6D1181A30BD0300D0
:10AF900030B51D00002A06D00C78013A01332C7020
:10AFA0000131002CF5D100219A18934200D130BD17
:10AFB00019700133F9E7030041188B4201D1181AC7
:10AFC00070471A78002AFAD00133F6E770B50E0000
:10AFD0000500110030001400FFF7EDFF030084426C
:10AFE00005D8325C002A02D00024200070BD210068
:10AFF0003200280000F05FF8041EF5D0421B00214B
:10B00000280000F04DF80028EED1EEE70A7830B5C0
:10B01000002A0CD130BD9A4208D10123CC5C002C0F
:10B02000F8D0C55CA54201D10133F7E701300378C0
:10B03000002BF0D11800EDE7F0B5002802D1106820
:10B04000002813D0040020000E0005780134377862
:10B05000002F04D1002D0FD12800156006E0013625
:10B06000BD42F4D1002BEED114600370F0BD2F006F
:10B070000FE00133002E04D1230001341D78270096
:10B080000B001E78B542F4D1002DF0D00023013C16
:10B0900023701760EAE710B50123FFF7CDFF10BD5D
:10B0A000C9B28218904201D10020704703788B42C8
:10B0B000FBD00130F6E7F0B5002B0CD0C91A15789B
:10B0C0004118884201D9002005E00478AC4209D13A
:10B0D0005C1E002C00D1F0BD075D165DB74201D1AA
:10B0E000013CF6E70130ECE7F8B5C046F8BC08BC17
:10B0F0009E467047F8B5C046F8BC08BC9E467047EF
:10B100002F737069666C6173680000002F7370693B
:10B11000666C6173682F6366672E62696E0000005B
:10B12000424934574F50000073656C2E31000000C7
:10B1300073656C2E320000006C6162656C2E31000C
:10B140006C6162656C2E32006C6162656C2E33003E
:10B150006C6162656C2E34006C6162656C2E35002A
:10B160006C6162656C2E3600696E6465782E687459
:10B170006D6C0000726573706F6E73653D4F4B0DA3
:10B180000A0000002F73776974636800726573703A
:10B190006F6E73653D496E76616C69640D0A0000DF
:10B1A00073656C313D0000002673656C323D000014
:10B1B0000D0A00002F676574616C6C6F63000000FE
:10B1C00053746174757300002F7374617475730028
:10B1D00052657365740000002F726573657400001A
:10B1E0004261642061726773000000002F73657410
:10B1F0006C6162656C000000616E74002F6765749D
:10B200006C6162656C0000002F736574706F7274FE
:10B2100000000000706F7274485454500000000029
:10B22000426164204854545020706F7274206E75CF
:10B230006D62657200000000706F72744854545063
:10B240003D0000002F676574706F7274000000008D
:10B250002F736F636B6574002F0000002E68746D90
:10B260006C0000002E68746D000000002E63737384
:10B27000000000002E6A73002E706E670000000050
:10B280002E6A7067000000002E6A7065670000007B
:10B290002E676966000000002E677A00204F4B0D74
:10B2A0000A000000436F6E6E656374696F6E3A202A
:10B2B00000000000436C6F7365640D0A000000001D
:10B2C0004B6565702D416C6976650D0A00000000C4
:10B2D000436F6E74656E742D456E636F64696E673F
:10B2E0003A20677A69700D0A00000000436F6E749F
:10B2F000656E742D547970653A2000000D0A0000C7
:10B30000436F6E74656E742D4C656E6774683A2079
:10B3100000000000204572726F720D0A00000000EC
:10B320005552493D000000002053776974636869F5
:10B330006E672050726F746F636F6C730D0A00003C
:10B34000557067726164653A20776562736F636BED
:10B3500065740D0A00000000436F6E6E65637469CA
:10B360006F6E3A20557067726164650D0A000000C7
:10B370005365632D576562536F636B65742D41632D
:10B38000636570743A2000000D0A0D0A0000000089
:10B390004B6579204661696C65640000203330326A
:10B3A0000000000020466F756E640000436C6F73F0
:10B3B000656400004B6565702D416C697665000021
:10B3C000300000004C6F636174696F6E3A200000BA
:10B3D0004E6F7420466F756E643A20004854545086
:10B3E0002F00000026000000557067726164650040
:10B3F00075706772616465004B65657000000000E0
:10B400006B656570000000005365632D57656253DE
:10B410006F636B65742D4B657900000041555800D2
:10B420004E414D45000000000D0000003F000000AF
:10B430003F415558000000003F4E414D450000007F
:10B440002F676574616C6C6F630000002F736F630E
:10B450006B657400485454500000000070696E67BA
:10B4600000000000706F6E67000000000D0A000011
:10B470002600000055524900414243444546474892
:10B48000494A4B4C4D4E4F505152535455565758B4
:10B49000595A6162636465666768696A6B6C6D6E50
:10B4A0006F707172737475767778797A3031323360
:10B4B0003435363738392B2F000000003235384507
:10B4C000414641352D453931342D343744412D39EC
:10B4D0003543412D433541423044433835423131C3
:10B4E0000000000002030405060708090A0B0C0D02
:10B4F0000E0F10100102030405060708090A0B0CC1
:10B500000D0E0F1030313233343536373839303193
:10B5100032333435363738393031323334353637E3
:10B52000383930313233343536373839000000009D
:10B53000436F6E6E656374696F6E0000436F6F6B6F
:10B5400069650000504F5354000000004745540007
:10B550000D0A0000200000003A200000485454501A
:10B560002F312E3100000000746578742F706C61EB
:10B57000696E0000746578742F68746D6C0000004B
:10B58000746578742F637373000000006170706CD1
:10B5900069636174696F6E2F6A6176617363726942
:10B5A00070740000696D6167652F706E6700000040
:10B5B000696D6167652F6A7065670000696D616715
:10B5C000652F6769660000006D820008A18200088F
:10B5D000558300086985000881840008000400483C
:10B5E00010000000000400480800000000000048AF
:10B5F000008000000000004800100000000000482B
:10B60000000800000000004800040000000000489E
:10B610000002000000000048000100000004004893
:10B6200000800000000400480040000000040048C2
:10B630000020000000040048001000009C1A0020B8
:10B6400000040048000800001C0E0020000200005A
:10B6500000000000000000000102030406070809C2
:08B660000000000001020304D8
:04B66800E9000008ED
:04B66C00C100000811
:10B6700000F00008000400000400000001000000C9
:10B6800000000000000000000000000000000000BA
:10B690000000000000000000000000FF00000000AB
:10B6A000000000000000000000000000000000009A
:10B6B000000000000000000000000000000000008A
:10B6C000000000000000000000000000000000007A
:10B6D000000000000000000000000000000000006A
:10B6E000000000000000000000000000000000005A
:10B6F000000000000000000000000000000000004A
:10B700000000000000000000000000000000000039
:10B710000000000000000000000000000000000029
:10B720000000000000000000000000000000000019
:10B730000000000000000000000000000000000009
:10B7400000000000000000000000000000000000F9
:10B7500000000000000000000000000000000000E9
:10B7600000000000000000000000000000000000D9
:10B7700000000000000000000000000000000000C9
:10B7800000000000000000000000000000000000B9
:10B7900000000000000000000000000000000000A9
:10B7A0000000000000000000000000000000000099
:10B7B0000000000000000000000000000000000089
:10B7C0000000000000000000000000000000000079
:10B7D0000000000000000000000000000000000069
:10B7E0000000000000000000000000000000000059
:10B7F0000000000000000000000000000000000049
:10B800000000000000000000000000000000000038
:10B810000000000000000000000000000000000028
:10B820000000000000000000000000000000000018
:10B830000000000000000000000000000000000008
:10B8400000000000000000000000000000000000F8
:10B8500000000000000000000000000000000000E8
:10B8600000000000000000000000000000000000D8
:10B8700000000000000000000000000000000000C8
:10B8800000000000000000000000000000000000B8
:10B8900000000000000000000000000000000000A8
:10B8A0000000000000000000000000000000000098
:10B8B0000000000000000000000000000000000088
:10B8C0000000000000000000000000000000000078
:10B8D0000000000000000000000000000000000068
:10B8E0000000000000000000000000000000000058
:10B8F0000000000000000000000000000000000048
:10B900000000000000000000000000000000000037
:10B910000000000000000000000000000000000027
:10B920000000000000000000000000000000000017
:10B930000000000000000000000000000000000007
:10B9400000000000000000000000000000000000F7
:10B9500000000000000000000000000000000000E7
:10B9600000000000000000000000000000000000D7
:10B9700000000000000000000000000000000000C7
:10B9800000000000000000000000000000000000B7
:10B9900000000000000000000000000000000000A7
:10B9A0000000000000000000000000000000000097
:10B9B0000000000000000000000000000000000087
:10B9C0000000000000000000000000000000000077
:10B9D0000000000000000000000000000000000067
:10B9E0000000000000000000000000000000000057
:10B9F0000000000000000000000000000000000047
:10BA00000000000000000000000000000000000036
:10BA10000000000000000000000000000000000026
:10BA20000000000000000000000000000000000016
:10BA30000000000000000000000000000000000006
:10BA400000000000000000000000000000000000F6
:10BA500000000000000000000000000000000000E6
:10BA600000000000000000000000000000000000D6
:10BA700000000000000000000000000000000000C6
:10BA800000000000000000000000000000000000B6
:10BA900000000000000000000000000000000000A6
:10BAA0000000000000000000000000000000000096
:10BAB0000000000000000000000000000000000086
:10BAC0000000000000000000000000000000000076
:10BAD0000000000000000000000000000000000066
:10BAE0000000000000000000000000000000000056
:10BAF0000000000000000000000000000000000046
:10BB00000000000000000000000000000000000035
:10BB10000000000000000000000000000000000025
:10BB20000000000000000000000000000000000015
:10BB30000000000000000000000000000000000005
:10BB400000000000000000000000000000000000F5
:10BB500000000000000000000000000000000000E5
:10BB600000000000000000000000000000000000D5
:10BB700000000000000000000000000000000000C5
:10BB800000000000000000000000000000000000B5
:10BB900000000000000000000000000000000000A5
:10BBA0000000000000000000000000000000000095
:10BBB0000000000000000000000000000000000085
:10BBC0000000000000000000000000000000000075
:10BBD0000000000000000000000000000000000065
:10BBE0000000000000000000000000000000000055
:10BBF0000000000000000000000000000000000045
:10BC00000000000000000000000000000000000034
:10BC10000000000000000000000000000000000024
:10BC20000000000000000000000000000000000014
:10BC30000000000000000000000000000000000004
:10BC400000000000000000000000000000000000F4
:10BC500000000000000000000000000000000000E4
:10BC600000000000000000000000000000000000D4
:10BC700000000000000000000000000000000000C4
:10BC800000000000000000000000000000000000B4
:10BC9000000000000000000000000000000000485C
:10BCA0001000000020B1000858B200086D5D0008C7
:10BCB00084B10008B15D0008B4B10008595F000804
:10BCC000C8B10008A15F0008D8B10008DD5F000816
:10BCD000ECB1000819600008FCB100080D61000813
:10BCE00008B20008E161000844B20008F5620008EB
:10BCF00050B20008FD640008801500202CB4000834
:10BD000030B400081CB4000838B4000820B400089F
:0CBD1000FFFFFF00FF00000000127A009F
:040000050800ADF151
:00000001FF
